date,symbol,open,high,low,close,volume
2023-06-29 18:41:36.168606,BAC,142.18,142.8,141.33,142.34,6220043
2023-06-30 18:41:36.168606,BAC,145.79,148.96,145.49,147.67,2855433
2023-07-03 18:41:36.168606,BAC,147.06,147.61,146.57,146.74,9843147
2023-07-04 18:41:36.168606,BAC,147.11,148.44,144.26,145.4,5267113
2023-07-05 18:41:36.168606,BAC,143.9,144.44,141.38,142.32,9639940
2023-07-06 18:41:36.168606,BAC,141.74,142.96,139.81,140.77,7849065
2023-07-07 18:41:36.168606,BAC,138.88,140.06,138.4,139.76,6010915
2023-07-10 18:41:36.168606,BAC,142.72,143.56,139.19,141.74,2761653
2023-07-11 18:41:36.168606,BAC,140.29,140.82,137.99,139.17,6068147
2023-07-12 18:41:36.168606,BAC,138.8,139.46,134.92,137.4,4581483
2023-07-13 18:41:36.168606,BAC,141.37,145.45,140.1,142.13,8289010
2023-07-14 18:41:36.168606,BAC,134.58,134.81,133.25,133.87,521501
2023-07-17 18:41:36.168606,BAC,136.34,137.29,133.64,135.22,4649979
2023-07-18 18:41:36.168606,BAC,132.92,134.17,130.73,131.8,4814978
2023-07-19 18:41:36.168606,BAC,128.08,130.49,127.22,129.74,116291
2023-07-20 18:41:36.168606,BAC,133.89,133.97,132.52,133.5,1243111
2023-07-21 18:41:36.168606,BAC,134.12,136.02,132.61,133.76,8459341
2023-07-24 18:41:36.168606,BAC,140.52,141.99,137.16,140.93,814335
2023-07-25 18:41:36.168606,BAC,143.8,145.35,140.77,142.77,8492465
2023-07-26 18:41:36.168606,BAC,140.35,141.62,139.59,140.47,3816067
2023-07-27 18:41:36.168606,BAC,141.26,142.12,140.04,142.11,5317959
2023-07-28 18:41:36.168606,BAC,145.14,147.35,141.75,145.39,3657528
2023-07-31 18:41:36.168606,BAC,146.8,147.3,146.3,146.98,3978895
2023-08-01 18:41:36.168606,BAC,146.03,146.59,145.15,146.42,1648244
2023-08-02 18:41:36.168606,BAC,141.28,141.91,140.97,141.54,2874274
2023-08-03 18:41:36.168606,BAC,141.69,142.76,140.1,140.7,4224597
2023-08-04 18:41:36.168606,BAC,145.93,146.36,142.97,145.46,3376034
2023-08-07 18:41:36.168606,BAC,143.85,144.71,141.61,143.22,8346311
2023-08-08 18:41:36.168606,BAC,143.36,144.59,140.79,142.11,3458365
2023-08-09 18:41:36.168606,BAC,144.15,148.26,141.03,145.0,898086
2023-08-10 18:41:36.168606,BAC,148.12,149.53,146.61,146.87,2680129
2023-08-11 18:41:36.168606,BAC,144.62,145.12,143.01,143.1,9730724
2023-08-14 18:41:36.168606,BAC,141.63,143.62,141.53,142.86,8777720
2023-08-15 18:41:36.168606,BAC,149.07,150.49,145.47,146.95,6895438
2023-08-16 18:41:36.168606,BAC,148.21,151.72,143.79,147.1,1446808
2023-08-17 18:41:36.168606,BAC,150.09,152.65,148.61,151.39,167824
2023-08-18 18:41:36.168606,BAC,155.65,158.25,152.52,155.97,8151752
2023-08-21 18:41:36.168606,BAC,150.94,154.18,150.72,153.15,2254261
2023-08-22 18:41:36.168606,BAC,156.37,160.07,150.08,152.32,6607104
2023-08-23 18:41:36.168606,BAC,154.02,155.17,152.63,154.4,7305214
2023-08-24 18:41:36.168606,BAC,150.11,150.67,148.94,149.73,7045985
2023-08-25 18:41:36.168606,BAC,149.5,151.58,147.11,149.14,6343279
2023-08-28 18:41:36.168606,BAC,149.52,153.09,147.69,150.84,5771598
2023-08-29 18:41:36.168606,BAC,149.09,149.82,148.43,149.04,6123762
2023-08-30 18:41:36.168606,BAC,151.15,151.67,150.54,150.87,1738861
2023-08-31 18:41:36.168606,BAC,148.82,149.94,147.75,149.13,5110631
2023-09-01 18:41:36.168606,BAC,147.53,148.7,146.4,147.39,2698261
2023-09-04 18:41:36.168606,BAC,149.93,151.71,148.5,149.65,3804277
2023-09-05 18:41:36.168606,BAC,155.07,157.14,151.37,153.82,3350720
2023-09-06 18:41:36.168606,BAC,150.99,152.34,150.59,151.71,6348227
2023-09-07 18:41:36.168606,BAC,150.24,150.69,146.28,148.11,4295659
2023-09-08 18:41:36.168606,BAC,145.85,149.66,142.47,148.08,7697066
2023-09-11 18:41:36.168606,BAC,149.37,151.36,148.49,149.53,1509616
2023-09-12 18:41:36.168606,BAC,146.81,149.93,146.11,147.45,6384329
2023-09-13 18:41:36.168606,BAC,151.55,155.3,148.7,152.42,5760421
2023-09-14 18:41:36.168606,BAC,152.99,154.22,150.37,152.05,4168445
2023-09-15 18:41:36.168606,BAC,147.79,151.48,145.75,149.91,5717295
2023-09-18 18:41:36.168606,BAC,155.51,155.82,155.07,155.78,1098091
2023-09-19 18:41:36.168606,BAC,160.54,161.17,158.69,159.8,8537108
2023-09-20 18:41:36.168606,BAC,154.44,161.45,154.09,157.56,4555035
2023-09-21 18:41:36.168606,BAC,161.42,161.54,160.79,161.0,1622968
2023-09-22 18:41:36.168606,BAC,158.47,159.92,158.38,158.97,825329
2023-09-25 18:41:36.168606,BAC,161.27,162.87,160.41,161.49,7914072
2023-09-26 18:41:36.168606,BAC,167.52,168.65,166.31,167.31,1344588
2023-09-27 18:41:36.168606,BAC,165.11,166.7,160.91,163.35,6556645
2023-09-28 18:41:36.168606,BAC,162.14,164.81,160.36,161.67,7468095
2023-09-29 18:41:36.168606,BAC,160.28,161.08,159.55,160.08,5137391
2023-10-02 18:41:36.168606,BAC,162.9,164.7,160.31,161.01,2313587
2023-10-03 18:41:36.168606,BAC,161.87,163.09,160.27,162.62,6515267
2023-10-04 18:41:36.168606,BAC,164.87,166.73,161.43,162.41,2004898
2023-10-05 18:41:36.168606,BAC,158.19,160.18,155.97,157.03,8662723
2023-10-06 18:41:36.168606,BAC,153.66,154.35,152.74,153.24,5883873
2023-10-09 18:41:36.168606,BAC,148.66,154.08,145.62,150.61,5037190
2023-10-10 18:41:36.168606,BAC,151.58,154.69,149.84,152.37,1180394
2023-10-11 18:41:36.168606,BAC,151.94,152.5,146.75,148.2,8013741
2023-10-12 18:41:36.168606,BAC,145.07,146.57,143.67,145.56,6835907
2023-10-13 18:41:36.168606,BAC,144.54,147.06,141.65,142.33,6856842
2023-10-16 18:41:36.168606,BAC,143.93,144.02,141.42,143.38,8601915
2023-10-17 18:41:36.168606,BAC,147.23,150.61,143.79,146.69,6531685
2023-10-18 18:41:36.168606,BAC,145.64,148.11,144.9,147.22,354686
2023-10-19 18:41:36.168606,BAC,154.9,156.0,151.31,153.16,991751
2023-10-20 18:41:36.168606,BAC,153.92,154.57,153.37,153.71,3183180
2023-10-23 18:41:36.168606,BAC,152.56,154.14,149.19,153.5,8737278
2023-10-24 18:41:36.168606,BAC,151.88,152.89,150.58,151.17,4110112
2023-10-25 18:41:36.168606,BAC,151.87,153.59,150.34,151.86,5437831
2023-10-26 18:41:36.168606,BAC,149.59,150.34,148.56,149.42,3390701
2023-10-27 18:41:36.168606,BAC,148.41,150.66,146.51,146.57,393996
2023-10-30 18:41:36.168606,BAC,142.63,144.62,140.4,143.69,8780617
2023-10-31 18:41:36.168606,BAC,143.08,145.07,141.36,143.12,5327500
2023-11-01 18:41:36.168606,BAC,140.85,142.22,139.35,141.76,4873936
2023-11-02 18:41:36.168606,BAC,149.7,149.82,148.89,149.36,4741731
2023-11-03 18:41:36.168606,BAC,147.21,151.07,145.3,150.06,8059915
2023-11-06 18:41:36.168606,BAC,149.1,153.07,148.39,150.71,3717104
2023-11-07 18:41:36.168606,BAC,148.75,150.69,147.13,149.12,4784790
2023-11-08 18:41:36.168606,BAC,158.33,158.99,157.97,158.34,4294360
2023-11-09 18:41:36.168606,BAC,155.16,157.42,153.41,155.49,6198385
2023-11-10 18:41:36.168606,BAC,154.25,155.67,152.1,154.1,748207
2023-11-13 18:41:36.168606,BAC,156.25,160.94,153.98,157.25,4180092
2023-11-14 18:41:36.168606,BAC,157.97,158.78,157.5,157.97,3710803
2023-11-15 18:41:36.168606,BAC,154.2,157.01,150.27,154.03,9555066
2023-11-16 18:41:36.168606,BAC,154.03,154.88,153.48,154.19,8035228
2023-11-17 18:41:36.168606,BAC,155.79,157.47,155.55,156.36,4639205
2023-11-20 18:41:36.168606,BAC,157.94,158.06,157.78,158.04,935815
2023-11-21 18:41:36.168606,BAC,158.86,161.8,157.92,160.21,8189599
2023-11-22 18:41:36.168606,BAC,165.69,168.15,164.44,167.29,7394216
2023-11-23 18:41:36.168606,BAC,168.7,170.33,166.09,168.28,2974726
2023-11-24 18:41:36.168606,BAC,172.91,174.85,167.95,171.05,8903890
2023-11-27 18:41:36.168606,BAC,162.91,163.3,161.89,162.84,6335210
2023-11-28 18:41:36.168606,BAC,168.36,170.1,167.2,168.99,8689241
2023-11-29 18:41:36.168606,BAC,168.18,170.56,167.78,169.3,2104116
2023-11-30 18:41:36.168606,BAC,166.09,167.48,165.75,166.44,6149623
2023-12-01 18:41:36.168606,BAC,165.23,166.87,164.64,165.88,8756226
2023-12-04 18:41:36.168606,BAC,167.49,168.28,166.55,168.16,9262108
2023-12-05 18:41:36.168606,BAC,172.06,173.24,171.18,171.72,1081153
2023-12-06 18:41:36.168606,BAC,171.79,172.72,170.82,171.48,639972
2023-12-07 18:41:36.168606,BAC,173.97,174.89,173.39,173.63,1642666
2023-12-08 18:41:36.168606,BAC,170.14,174.17,168.25,172.8,8446880
2023-12-11 18:41:36.168606,BAC,173.71,176.13,172.64,174.59,5549921
2023-12-12 18:41:36.168606,BAC,178.63,179.85,171.95,175.4,8738580
2023-12-13 18:41:36.168606,BAC,176.9,178.08,176.24,176.54,5604774
2023-12-14 18:41:36.168606,BAC,175.52,176.39,175.38,175.53,665992
2023-12-15 18:41:36.168606,BAC,176.17,178.18,175.78,177.03,2988858
2023-12-18 18:41:36.168606,BAC,174.43,174.81,173.73,174.2,3228422
2023-12-19 18:41:36.168606,BAC,173.66,175.55,172.25,174.96,8796087
2023-12-20 18:41:36.168606,BAC,173.49,174.02,170.72,172.83,9460024
2023-12-21 18:41:36.168606,BAC,168.48,171.84,166.53,169.48,7233074
2023-12-22 18:41:36.168606,BAC,165.07,168.92,163.25,167.17,5657188
2023-12-25 18:41:36.168606,BAC,168.7,171.34,164.08,166.56,2781966
2023-12-26 18:41:36.168606,BAC,165.34,165.35,163.03,164.88,5709366
2023-12-27 18:41:36.168606,BAC,169.12,171.3,165.48,166.27,1761257
2023-12-28 18:41:36.168606,BAC,169.52,170.8,165.28,166.62,2803855
2023-12-29 18:41:36.168606,BAC,170.0,171.61,169.09,170.09,7413589
2024-01-01 18:41:36.168606,BAC,168.5,171.04,167.24,169.88,7341700
2024-01-02 18:41:36.168606,BAC,170.04,173.95,168.32,170.58,9160185
2024-01-03 18:41:36.168606,BAC,178.87,181.19,176.12,177.03,8153633
2024-01-04 18:41:36.168606,BAC,177.06,178.68,173.68,175.57,1798941
2024-01-05 18:41:36.168606,BAC,181.52,182.49,170.98,174.65,6659716
2024-01-08 18:41:36.168606,BAC,177.94,182.1,173.99,178.95,7954158
2024-01-09 18:41:36.168606,BAC,173.81,176.15,169.63,175.61,1314844
2024-01-10 18:41:36.168606,BAC,186.84,189.01,178.29,180.32,6336553
2024-01-11 18:41:36.168606,BAC,179.0,179.89,177.61,179.55,4291115
2024-01-12 18:41:36.168606,BAC,175.38,177.5,172.59,176.65,5663482
2024-01-15 18:41:36.168606,BAC,183.5,187.5,179.38,179.94,8731328
2024-01-16 18:41:36.168606,BAC,177.55,183.87,175.14,179.12,429649
2024-01-17 18:41:36.168606,BAC,186.59,186.93,184.81,185.75,6334599
2024-01-18 18:41:36.168606,BAC,186.14,186.8,185.12,186.14,7278559
2024-01-19 18:41:36.168606,BAC,186.39,190.47,181.77,186.51,7125007
2024-01-22 18:41:36.168606,BAC,184.73,186.16,183.53,184.42,6623058
2024-01-23 18:41:36.168606,BAC,184.04,184.18,183.93,183.97,3193307
2024-01-24 18:41:36.168606,BAC,181.31,184.55,178.99,183.06,2311584
2024-01-25 18:41:36.168606,BAC,188.06,188.3,187.89,188.03,1406159
2024-01-26 18:41:36.168606,BAC,185.94,191.63,181.77,189.21,4730981
2024-01-29 18:41:36.168606,BAC,196.61,196.61,187.0,191.97,1463990
2024-01-30 18:41:36.168606,BAC,193.44,194.7,190.62,192.45,8802084
2024-01-31 18:41:36.168606,BAC,184.75,192.77,182.6,190.96,913383
2024-02-01 18:41:36.168606,BAC,192.01,196.47,187.99,192.47,4979975
2024-02-02 18:41:36.168606,BAC,197.88,199.37,192.99,198.69,973356
2024-02-05 18:41:36.168606,BAC,194.21,195.09,193.32,194.63,2903777
2024-02-06 18:41:36.168606,BAC,196.32,197.86,195.82,196.36,2867333
2024-02-07 18:41:36.168606,BAC,201.88,203.47,200.01,202.33,6127440
2024-02-08 18:41:36.168606,BAC,197.35,203.18,193.4,199.14,4386630
2024-02-09 18:41:36.168606,BAC,207.17,210.65,200.72,202.91,7740140
2024-02-12 18:41:36.168606,BAC,205.47,209.51,201.81,206.76,1453975
2024-02-13 18:41:36.168606,BAC,199.71,203.17,196.57,201.51,6365160
2024-02-14 18:41:36.168606,BAC,204.19,208.69,203.88,206.08,6348960
2024-02-15 18:41:36.168606,BAC,207.36,211.05,200.63,203.74,7250684
2024-02-16 18:41:36.168606,BAC,208.86,209.98,204.12,205.3,2206471
2024-02-19 18:41:36.168606,BAC,207.64,211.83,206.14,209.61,7552210
2024-02-20 18:41:36.168606,BAC,217.01,219.95,210.12,214.75,5859832
2024-02-21 18:41:36.168606,BAC,208.13,209.93,207.39,208.26,7846512
2024-02-22 18:41:36.168606,BAC,213.55,216.1,210.53,215.81,4822408
2024-02-23 18:41:36.168606,BAC,221.44,222.08,220.98,222.04,2109414
2024-02-26 18:41:36.168606,BAC,226.03,227.96,224.62,226.82,4652404
2024-02-27 18:41:36.168606,BAC,231.02,231.75,226.24,228.57,5060668
2024-02-28 18:41:36.168606,BAC,224.83,227.76,221.6,226.7,8921403
2024-02-29 18:41:36.168606,BAC,222.92,223.22,219.83,221.9,9979360
2024-03-01 18:41:36.168606,BAC,210.96,219.31,205.68,214.8,3788626
2024-03-04 18:41:36.168606,BAC,217.32,217.87,216.74,217.68,6532826
2024-03-05 18:41:36.168606,BAC,222.57,223.53,220.65,222.37,5402513
2024-03-06 18:41:36.168606,BAC,220.63,224.93,218.11,222.1,2911114
2024-03-07 18:41:36.168606,BAC,217.86,220.39,215.28,220.16,7246789
2024-03-08 18:41:36.168606,BAC,219.67,221.93,219.37,220.58,3353537
2024-03-11 18:41:36.168606,BAC,217.08,218.52,216.09,217.87,4304789
2024-03-12 18:41:36.168606,BAC,218.54,218.68,216.82,218.07,919746
2024-03-13 18:41:36.168606,BAC,215.06,217.65,213.44,215.14,2330306
2024-03-14 18:41:36.168606,BAC,215.09,223.18,214.25,217.88,6411636
2024-03-15 18:41:36.168606,BAC,223.54,225.22,223.25,223.41,2843792
2024-03-18 18:41:36.168606,BAC,218.78,226.76,214.06,225.79,220469
2024-03-19 18:41:36.168606,BAC,222.95,225.89,220.77,225.54,6985577
2024-03-20 18:41:36.168606,BAC,228.2,232.67,226.68,230.11,538598
2024-03-21 18:41:36.168606,BAC,228.98,231.87,226.14,230.32,2005888
2024-03-22 18:41:36.168606,BAC,234.6,236.34,233.56,234.84,573945
2024-03-25 18:41:36.168606,BAC,228.43,233.26,227.29,231.97,3495214
2024-03-26 18:41:36.168606,BAC,227.88,230.52,227.41,229.74,6960088
2024-03-27 18:41:36.168606,BAC,219.02,227.69,216.94,225.31,4713898
2024-03-28 18:41:36.168606,BAC,223.36,224.49,221.25,223.32,4581973
2024-03-29 18:41:36.168606,BAC,230.3,232.18,222.78,227.82,9952343
2024-04-01 18:41:36.168606,BAC,225.72,230.18,219.36,223.96,4855861
2024-04-02 18:41:36.168606,BAC,214.42,216.35,211.44,213.75,2806501
2024-04-03 18:41:36.168606,BAC,211.33,215.12,206.89,212.08,1829272
2024-04-04 18:41:36.168606,BAC,206.54,207.76,206.25,207.21,1339437
2024-04-05 18:41:36.168606,BAC,204.53,208.73,203.79,205.22,1452518
2024-04-08 18:41:36.168606,BAC,216.02,220.36,213.04,213.97,3355534
2024-04-09 18:41:36.168606,BAC,214.43,215.76,205.92,210.28,1768068
2024-04-10 18:41:36.168606,BAC,212.52,213.79,211.88,213.05,1473173
2024-04-11 18:41:36.168606,BAC,212.85,214.53,212.22,212.81,7611098
2024-04-12 18:41:36.168606,BAC,214.6,216.51,214.27,214.5,5569589
2024-04-15 18:41:36.168606,BAC,214.16,215.78,210.92,212.43,7612813
2024-04-16 18:41:36.168606,BAC,215.91,217.66,213.26,217.47,6311095
2024-04-17 18:41:36.168606,BAC,219.74,220.96,218.27,219.43,9291571
2024-04-18 18:41:36.168606,BAC,221.75,221.88,220.28,221.54,3970240
2024-04-19 18:41:36.168606,BAC,223.32,225.26,220.44,222.08,8041413
2024-04-22 18:41:36.168606,BAC,230.1,235.0,226.42,227.77,8952607
2024-04-23 18:41:36.168606,BAC,233.02,235.09,229.16,230.44,1277416
2024-04-24 18:41:36.168606,BAC,231.48,233.95,229.9,232.26,8339718
2024-04-25 18:41:36.168606,BAC,236.14,236.42,233.87,235.41,2858970
2024-04-26 18:41:36.168606,BAC,226.35,229.04,223.91,227.24,8578862
2024-04-29 18:41:36.168606,BAC,229.06,230.4,227.63,228.21,3281836
2024-04-30 18:41:36.168606,BAC,228.08,229.14,227.04,228.03,5874612
2024-05-01 18:41:36.168606,BAC,233.06,233.98,231.58,233.48,104554
2024-05-02 18:41:36.168606,BAC,231.52,232.69,227.38,230.32,7900442
2024-05-03 18:41:36.168606,BAC,232.74,239.06,229.51,231.36,2277096
2024-05-06 18:41:36.168606,BAC,240.84,244.51,235.98,240.38,3282854
2024-05-07 18:41:36.168606,BAC,241.98,244.64,239.15,240.38,9780861
2024-05-08 18:41:36.168606,BAC,237.75,241.7,231.52,234.1,4783163
2024-05-09 18:41:36.168606,BAC,243.74,246.48,242.91,244.4,4609612
2024-05-10 18:41:36.168606,BAC,241.35,243.32,239.71,241.02,2803235
2024-05-13 18:41:36.168606,BAC,234.32,238.71,229.91,236.13,5606289
2024-05-14 18:41:36.168606,BAC,231.8,233.28,230.83,231.52,4206652
2024-05-15 18:41:36.168606,BAC,235.17,237.39,231.57,235.01,1503408
2024-05-16 18:41:36.168606,BAC,239.14,243.05,236.24,241.22,1409105
2024-05-17 18:41:36.168606,BAC,252.42,258.15,247.24,249.84,9697036
2024-05-20 18:41:36.168606,BAC,248.74,250.3,247.51,250.04,3221754
2024-05-21 18:41:36.168606,BAC,241.01,247.45,234.73,245.23,9960270
2024-05-22 18:41:36.168606,BAC,241.67,248.3,240.47,242.56,277589
2024-05-23 18:41:36.168606,BAC,241.67,244.8,241.03,242.84,2944813
2024-05-24 18:41:36.168606,BAC,242.54,244.57,240.33,242.86,4021076
2024-05-27 18:41:36.168606,BAC,249.98,251.8,245.8,249.34,2279000
2024-05-28 18:41:36.168606,BAC,242.18,248.04,239.05,242.89,1695489
2024-05-29 18:41:36.168606,BAC,235.23,239.27,229.07,237.59,9719826
2024-05-30 18:41:36.168606,BAC,235.33,237.89,233.93,236.24,8290572
2024-05-31 18:41:36.168606,BAC,237.24,240.67,236.48,238.1,6842620
2024-06-03 18:41:36.168606,BAC,235.1,237.47,232.66,236.11,6025634
2024-06-04 18:41:36.168606,BAC,233.91,234.44,232.54,233.76,4053322
2024-06-05 18:41:36.168606,BAC,237.49,243.24,233.92,239.36,8806139
2024-06-06 18:41:36.168606,BAC,242.19,242.93,240.17,241.74,8952174
2024-06-07 18:41:36.168606,BAC,238.22,241.34,236.9,237.1,2692177
2024-06-10 18:41:36.168606,BAC,236.97,238.46,233.04,234.8,8740193
2024-06-11 18:41:36.168606,BAC,236.11,238.48,234.62,237.35,4692278
2024-06-12 18:41:36.168606,BAC,235.17,238.7,225.44,231.48,3101441
2024-06-13 18:41:36.168606,BAC,231.54,236.32,227.85,233.96,432003
2024-06-14 18:41:36.168606,BAC,229.66,234.91,228.26,232.47,8625411
2024-06-17 18:41:36.168606,BAC,232.77,238.9,229.26,234.27,5368840
2024-06-18 18:41:36.168606,BAC,226.7,235.84,224.64,234.95,4320342
2024-06-19 18:41:36.168606,BAC,227.87,231.77,226.02,229.82,5290477
2024-06-20 18:41:36.168606,BAC,222.6,229.26,218.79,227.0,3698285
2024-06-21 18:41:36.168606,BAC,236.6,240.44,233.57,233.69,3718727
2024-06-24 18:41:36.168606,BAC,243.48,245.5,240.5,244.89,5628834
2024-06-25 18:41:36.168606,BAC,238.02,242.9,232.07,236.45,4899438
2024-06-26 18:41:36.168606,BAC,242.85,244.02,239.7,241.5,5754073
2024-06-27 18:41:36.168606,BAC,241.13,245.03,238.91,243.05,7005424
2024-06-28 18:41:36.168606,BAC,253.39,255.18,251.32,253.3,2587274
2024-07-01 18:41:36.168606,BAC,250.7,257.06,244.35,250.59,706143
2024-07-02 18:41:36.168606,BAC,250.15,260.2,247.67,255.22,5234354
2024-07-03 18:41:36.168606,BAC,254.63,255.37,251.38,253.8,6598526
2024-07-04 18:41:36.168606,BAC,258.41,260.65,258.41,260.44,5323445
2024-07-05 18:41:36.168606,BAC,274.93,276.44,271.43,272.61,4944673
2024-07-08 18:41:36.168606,BAC,272.96,276.79,268.58,273.9,3305467
2024-07-09 18:41:36.168606,BAC,267.43,269.87,262.5,267.8,9598984
2024-07-10 18:41:36.168606,BAC,275.05,277.07,274.88,275.51,6325441
2024-07-11 18:41:36.168606,BAC,279.98,280.12,276.72,278.76,7746684
2024-07-12 18:41:36.168606,BAC,288.15,294.63,273.24,281.01,8078861
2024-07-15 18:41:36.168606,BAC,288.83,290.96,284.61,290.05,7847773
2024-07-16 18:41:36.168606,BAC,285.37,290.04,276.6,283.59,367709
2024-07-17 18:41:36.168606,BAC,281.96,283.73,276.86,279.67,4949651
2024-07-18 18:41:36.168606,BAC,285.04,291.16,282.98,283.14,6158066
2024-07-19 18:41:36.168606,BAC,286.47,290.17,278.15,279.1,116683
2024-07-22 18:41:36.168606,BAC,276.08,279.01,275.38,277.47,9922414
2024-07-23 18:41:36.168606,BAC,290.52,291.49,277.86,284.68,3070815
2024-07-24 18:41:36.168606,BAC,287.39,287.77,286.62,287.29,7918594
2024-07-25 18:41:36.168606,BAC,282.74,285.33,275.33,280.66,4740166
2024-07-26 18:41:36.168606,BAC,287.49,293.14,276.39,283.09,7584954
2024-07-29 18:41:36.168606,BAC,291.2,293.63,288.85,290.25,4715026
2024-07-30 18:41:36.168606,BAC,292.54,292.65,290.91,291.39,1875469
2024-07-31 18:41:36.168606,BAC,296.52,300.37,291.62,296.62,8753456
2024-08-01 18:41:36.168606,BAC,294.31,294.8,291.13,293.7,7794481
2024-08-02 18:41:36.168606,BAC,295.41,300.88,292.56,295.37,1984974
2024-08-05 18:41:36.168606,BAC,286.79,289.22,284.46,286.2,6302325
2024-08-06 18:41:36.168606,BAC,289.93,291.67,287.24,289.95,1194186
2024-08-07 18:41:36.168606,BAC,290.91,294.12,290.17,292.19,6439067
2024-08-08 18:41:36.168606,BAC,272.35,286.19,267.28,284.79,3094713
2024-08-09 18:41:36.168606,BAC,294.17,294.4,291.83,293.6,1853787
2024-08-12 18:41:36.168606,BAC,298.77,301.75,292.15,297.1,4847264
2024-08-13 18:41:36.168606,BAC,291.91,293.24,290.88,293.13,658335
2024-08-14 18:41:36.168606,BAC,298.4,304.93,296.9,297.12,8086206
2024-08-15 18:41:36.168606,BAC,298.0,298.5,290.23,291.42,9721134
2024-08-16 18:41:36.168606,BAC,283.87,292.04,280.83,286.64,9274836
2024-08-19 18:41:36.168606,BAC,283.5,283.82,280.35,281.17,4603473
2024-08-20 18:41:36.168606,BAC,275.05,276.68,272.96,275.64,1214683
2024-08-21 18:41:36.168606,BAC,278.06,279.67,277.29,278.19,7780929
2024-08-22 18:41:36.168606,BAC,276.77,278.89,273.4,278.85,3981517
2024-08-23 18:41:36.168606,BAC,282.69,283.99,279.67,283.16,4831725
2024-08-26 18:41:36.168606,BAC,267.49,267.83,266.21,267.34,2742085
2024-08-27 18:41:36.168606,BAC,265.48,267.99,263.99,265.38,8116478
2024-08-28 18:41:36.168606,BAC,260.84,266.16,258.88,263.51,4478065
2024-08-29 18:41:36.168606,BAC,264.63,268.2,263.81,263.92,5841218
2024-08-30 18:41:36.168606,BAC,266.43,268.32,260.92,264.19,5263509
2024-09-02 18:41:36.168606,BAC,264.89,267.28,263.25,265.53,590226
2024-09-03 18:41:36.168606,BAC,268.67,270.97,261.56,266.13,483638
2024-09-04 18:41:36.168606,BAC,261.96,267.99,256.61,263.82,2254350
2024-09-05 18:41:36.168606,BAC,263.73,264.09,259.74,261.85,3126588
2024-09-06 18:41:36.168606,BAC,262.79,266.49,259.7,261.7,8448971
2024-09-09 18:41:36.168606,BAC,264.98,267.49,261.69,264.47,9498209
2024-09-10 18:41:36.168606,BAC,265.83,266.68,261.69,265.06,1330384
2024-09-11 18:41:36.168606,BAC,262.1,262.52,255.68,261.03,949277
2024-09-12 18:41:36.168606,BAC,256.7,261.15,256.11,256.78,6403724
2024-09-13 18:41:36.168606,BAC,266.41,267.11,256.89,259.53,9195729
2024-09-16 18:41:36.168606,BAC,255.83,266.03,249.91,263.59,5364190
2024-09-17 18:41:36.168606,BAC,265.89,272.01,265.74,269.37,3479827
2024-09-18 18:41:36.168606,BAC,265.07,269.22,262.62,266.86,6942454
2024-09-19 18:41:36.168606,BAC,255.84,257.41,255.38,256.97,8743831
2024-09-20 18:41:36.168606,BAC,261.64,263.3,259.05,259.06,9095227
2024-09-23 18:41:36.168606,BAC,252.39,256.62,250.52,255.48,4289036
2024-09-24 18:41:36.168606,BAC,253.57,257.68,253.24,255.08,3545924
2024-09-25 18:41:36.168606,BAC,254.23,257.76,250.52,255.96,8563600
2024-09-26 18:41:36.168606,BAC,257.82,259.1,257.61,258.93,9697986
2024-09-27 18:41:36.168606,BAC,263.2,264.45,263.03,263.68,6266564
2024-09-30 18:41:36.168606,BAC,270.98,272.58,268.35,269.98,1728932
2024-10-01 18:41:36.168606,BAC,277.89,281.84,275.22,277.24,8286996
2024-10-02 18:41:36.168606,BAC,275.48,278.79,273.99,277.95,8237887
2024-10-03 18:41:36.168606,BAC,270.18,270.95,268.69,268.71,8021209
2024-10-04 18:41:36.168606,BAC,260.82,268.99,255.23,265.56,6710014
2024-10-07 18:41:36.168606,BAC,276.05,278.11,269.84,273.18,8704540
2024-10-08 18:41:36.168606,BAC,271.1,280.21,263.61,274.13,5071574
2024-10-09 18:41:36.168606,BAC,288.91,294.63,285.98,286.21,2597856
2024-10-10 18:41:36.168606,BAC,280.95,284.61,280.23,284.18,8897594
2024-10-11 18:41:36.168606,BAC,297.73,298.71,297.41,297.47,4015995
2024-10-14 18:41:36.168606,BAC,296.6,297.8,296.06,297.61,1717797
2024-10-15 18:41:36.168606,BAC,299.72,304.1,294.67,295.26,3146352
2024-10-16 18:41:36.168606,BAC,290.17,293.06,289.07,291.2,3450175
2024-10-17 18:41:36.168606,BAC,285.01,303.27,280.52,295.19,8483589
2024-10-18 18:41:36.168606,BAC,283.85,293.22,278.01,287.0,6851436
2024-10-21 18:41:36.168606,BAC,283.9,284.57,283.36,283.98,5219395
2024-10-22 18:41:36.168606,BAC,284.18,290.06,281.8,283.83,6100715
2024-10-23 18:41:36.168606,BAC,272.39,275.01,267.65,271.15,8019603
2024-10-24 18:41:36.168606,BAC,266.25,274.14,264.45,270.76,8344454
2024-10-25 18:41:36.168606,BAC,273.23,283.33,271.09,280.21,2388897
2024-10-28 18:41:36.168606,BAC,282.8,285.52,280.04,282.77,826844
2024-10-29 18:41:36.168606,BAC,278.6,279.37,277.3,279.19,2819025
2024-10-30 18:41:36.168606,BAC,277.36,283.08,275.71,276.66,4492774
2024-10-31 18:41:36.168606,BAC,274.49,283.93,271.42,278.67,5964932
2024-11-01 18:41:36.168606,BAC,272.83,280.03,268.76,275.96,919567
2024-11-04 18:41:36.168606,BAC,280.27,283.36,276.59,278.68,4761350
2024-11-05 18:41:36.168606,BAC,270.27,276.48,269.3,275.82,1848841
2024-11-06 18:41:36.168606,BAC,278.72,284.37,267.84,270.31,3834414
2024-11-07 18:41:36.168606,BAC,279.4,282.81,272.62,276.83,2828958
2024-11-08 18:41:36.168606,BAC,280.32,281.7,278.09,280.89,9732469
2024-11-11 18:41:36.168606,BAC,269.71,271.6,268.08,270.42,3236391
2024-11-12 18:41:36.168606,BAC,268.54,269.19,263.31,268.74,8814317
2024-11-13 18:41:36.168606,BAC,274.09,276.78,271.83,274.48,4994627
2024-11-14 18:41:36.168606,BAC,274.01,275.45,273.23,273.7,4297717
2024-11-15 18:41:36.168606,BAC,274.3,276.81,267.58,270.66,1155962
2024-11-18 18:41:36.168606,BAC,264.97,274.04,260.19,269.43,4438514
2024-11-19 18:41:36.168606,BAC,271.14,276.39,266.09,270.16,6143940
2024-11-20 18:41:36.168606,BAC,267.23,273.63,265.89,269.32,4709091
2024-11-21 18:41:36.168606,BAC,267.24,272.14,267.09,269.01,4356667
2024-11-22 18:41:36.168606,BAC,270.25,270.48,263.53,268.34,9209788
2024-11-25 18:41:36.168606,BAC,263.03,266.72,260.75,263.25,890404
2024-11-26 18:41:36.168606,BAC,262.5,263.61,256.56,257.98,4581180
2024-11-27 18:41:36.168606,BAC,248.06,258.28,246.31,252.49,2249092
2024-11-28 18:41:36.168606,BAC,255.9,258.7,249.69,253.08,568259
2024-11-29 18:41:36.168606,BAC,257.53,261.1,253.8,256.15,9366350
2024-12-02 18:41:36.168606,BAC,252.39,255.3,250.65,251.46,642039
2024-12-03 18:41:36.168606,BAC,245.66,248.51,239.57,244.04,8549011
2024-12-04 18:41:36.168606,BAC,243.86,246.49,237.88,239.91,5659548
2024-12-05 18:41:36.168606,BAC,247.26,248.02,244.92,246.76,6278434
2024-12-06 18:41:36.168606,BAC,245.06,247.16,243.3,245.34,4353621
2024-12-09 18:41:36.168606,BAC,244.08,244.66,243.5,244.41,2140696
2024-12-10 18:41:36.168606,BAC,236.84,247.24,232.89,240.63,9300879
2024-12-11 18:41:36.168606,BAC,240.01,244.42,237.22,243.5,6761914
2024-12-12 18:41:36.168606,BAC,246.41,250.2,239.94,243.03,5628950
2024-12-13 18:41:36.168606,BAC,242.47,247.23,234.84,239.62,2088527
2024-12-16 18:41:36.168606,BAC,234.79,237.19,234.52,234.79,6432560
2024-12-17 18:41:36.168606,BAC,233.72,238.21,229.89,236.69,3110212
2024-12-18 18:41:36.168606,BAC,235.17,240.28,233.9,238.05,2200998
2024-12-19 18:41:36.168606,BAC,230.14,238.59,229.05,232.28,3171284
2024-12-20 18:41:36.168606,BAC,238.85,238.95,234.96,238.1,5957385
2024-12-23 18:41:36.168606,BAC,240.01,247.07,231.85,235.16,4686739
2024-12-24 18:41:36.168606,BAC,225.2,226.13,221.96,224.81,6039244
2024-12-25 18:41:36.168606,BAC,230.39,232.05,229.29,231.8,4334919
2024-12-26 18:41:36.168606,BAC,232.11,236.56,229.1,231.44,8654855
2024-12-27 18:41:36.168606,BAC,234.17,235.02,232.39,233.57,4013799
2024-12-30 18:41:36.168606,BAC,239.66,245.42,238.46,241.49,5637211
2024-12-31 18:41:36.168606,BAC,237.58,238.2,235.07,236.77,7921308
2025-01-01 18:41:36.168606,BAC,239.01,240.59,237.54,239.16,9045352
2025-01-02 18:41:36.168606,BAC,242.47,247.07,241.88,244.9,741471
2025-01-03 18:41:36.168606,BAC,243.36,245.53,238.04,240.45,4748352
2025-01-06 18:41:36.168606,BAC,248.3,249.35,246.51,247.59,1743323
2025-01-07 18:41:36.168606,BAC,239.06,241.8,238.27,240.74,5218708
2025-01-08 18:41:36.168606,BAC,240.06,242.55,238.34,240.4,4431597
2025-01-09 18:41:36.168606,BAC,232.19,237.29,227.03,235.35,2231910
2025-01-10 18:41:36.168606,BAC,242.19,242.95,235.14,238.74,7833963
2025-01-13 18:41:36.168606,BAC,234.41,234.95,233.49,234.25,2715100
2025-01-14 18:41:36.168606,BAC,230.11,233.79,227.24,231.48,1093328
2025-01-15 18:41:36.168606,BAC,227.8,229.84,224.18,227.52,3608739
2025-01-16 18:41:36.168606,BAC,221.9,222.4,219.73,222.17,3524844
2025-01-17 18:41:36.168606,BAC,218.86,219.88,218.61,218.87,1531483
2025-01-20 18:41:36.168606,BAC,219.29,220.17,217.97,218.78,1415560
2025-01-21 18:41:36.168606,BAC,217.7,221.05,212.09,218.45,3664222
2025-01-22 18:41:36.168606,BAC,214.53,219.21,211.85,217.62,8644454
2025-01-23 18:41:36.168606,BAC,213.4,216.84,208.09,214.82,9998977
2025-01-24 18:41:36.168606,BAC,212.75,213.93,211.79,213.4,8217363
2025-01-27 18:41:36.168606,BAC,205.6,208.17,203.28,206.74,7880226
2025-01-28 18:41:36.168606,BAC,202.73,205.66,202.01,203.95,3442624
2025-01-29 18:41:36.168606,BAC,200.47,207.23,196.82,203.15,4127555
2025-01-30 18:41:36.168606,BAC,207.78,211.65,199.66,204.45,1619346
2025-01-31 18:41:36.168606,BAC,203.94,208.26,203.52,205.26,4575235
2025-02-03 18:41:36.168606,BAC,199.99,202.08,197.41,200.32,8853057
2025-02-04 18:41:36.168606,BAC,202.58,203.0,201.98,202.13,5093393
2025-02-05 18:41:36.168606,BAC,201.49,203.57,200.33,202.73,5987898
2025-02-06 18:41:36.168606,BAC,213.25,218.14,205.68,208.67,6861569
2025-02-07 18:41:36.168606,BAC,200.36,204.53,198.34,202.53,3973692
2025-02-10 18:41:36.168606,BAC,199.05,205.91,195.52,202.08,8054556
2025-02-11 18:41:36.168606,BAC,203.2,211.8,199.22,206.35,8334791
2025-02-12 18:41:36.168606,BAC,203.15,205.8,203.13,205.23,8417333
2025-02-13 18:41:36.168606,BAC,200.46,201.64,199.3,201.59,6420060
2025-02-14 18:41:36.168606,BAC,196.91,198.56,195.05,198.4,4818839
2025-02-17 18:41:36.168606,BAC,203.46,203.8,201.38,201.61,1459934
2025-02-18 18:41:36.168606,BAC,193.68,196.39,193.34,195.47,1460754
2025-02-19 18:41:36.168606,BAC,195.75,196.43,193.42,194.26,1530098
2025-02-20 18:41:36.168606,BAC,189.7,192.62,188.3,190.96,3918044
2025-02-21 18:41:36.168606,BAC,192.57,195.88,187.78,187.99,8477906
2025-02-24 18:41:36.168606,BAC,187.0,190.28,186.35,189.75,9399908
2025-02-25 18:41:36.168606,BAC,186.21,189.18,185.77,188.34,7429178
2025-02-26 18:41:36.168606,BAC,190.75,192.03,186.33,189.31,7585971
2025-02-27 18:41:36.168606,BAC,183.9,185.73,183.77,184.71,1958815
2025-02-28 18:41:36.168606,BAC,187.76,188.91,187.37,187.86,1789246
2025-03-03 18:41:36.168606,BAC,188.09,193.16,185.31,188.76,3086484
2025-03-04 18:41:36.168606,BAC,192.89,193.85,191.42,193.52,3760748
2025-03-05 18:41:36.168606,BAC,191.34,194.89,190.57,192.05,8650319
2025-03-06 18:41:36.168606,BAC,194.0,194.81,191.69,193.87,7706410
2025-03-07 18:41:36.168606,BAC,200.03,202.04,195.29,197.0,9538391
2025-03-10 18:41:36.168606,BAC,199.53,200.23,198.08,198.8,3153316
2025-03-11 18:41:36.168606,BAC,205.85,207.05,202.34,205.65,6633288
2025-03-12 18:41:36.168606,BAC,200.17,200.7,197.98,198.91,6309563
2025-03-13 18:41:36.168606,BAC,199.46,200.15,197.81,199.7,814014
2025-03-14 18:41:36.168606,BAC,192.92,199.84,191.3,198.18,793089
2025-03-17 18:41:36.168606,BAC,194.41,197.06,193.69,196.39,8202412
2025-03-18 18:41:36.168606,BAC,202.12,203.23,200.73,202.35,8048467
2025-03-19 18:41:36.168606,BAC,202.28,205.33,199.19,199.94,1278189
2025-03-20 18:41:36.168606,BAC,200.93,204.28,200.81,203.45,9856476
2025-03-21 18:41:36.168606,BAC,201.16,203.52,198.23,199.27,9701180
2025-03-24 18:41:36.168606,BAC,204.15,204.8,202.94,203.43,8112733
2025-03-25 18:41:36.168606,BAC,201.89,205.04,200.27,203.44,8791025
2025-03-26 18:41:36.168606,BAC,201.49,203.82,201.47,202.39,9102357
2025-03-27 18:41:36.168606,BAC,195.36,196.83,195.07,196.27,7907855
2025-03-28 18:41:36.168606,BAC,196.05,196.27,194.14,195.27,5189275
2025-03-31 18:41:36.168606,BAC,192.96,195.42,191.56,192.68,5096476
2025-04-01 18:41:36.168606,BAC,199.08,205.12,198.88,199.51,2652535
2025-04-02 18:41:36.168606,BAC,200.43,201.79,198.26,199.82,7701554
2025-04-03 18:41:36.168606,BAC,198.14,199.12,197.08,197.54,4848662
2025-04-04 18:41:36.168606,BAC,196.47,197.22,194.67,195.11,1510346
2025-04-07 18:41:36.168606,BAC,190.27,192.37,188.7,189.9,1238812
2025-04-08 18:41:36.168606,BAC,195.72,200.37,194.68,195.78,1112593
2025-04-09 18:41:36.168606,BAC,198.78,204.64,197.33,200.79,6503624
2025-04-10 18:41:36.168606,BAC,199.01,201.08,198.15,200.63,2392326
2025-04-11 18:41:36.168606,BAC,208.99,211.07,207.55,209.47,2034116
2025-04-14 18:41:36.168606,BAC,203.23,212.16,200.59,209.52,640684
2025-04-15 18:41:36.168606,BAC,210.69,216.95,208.58,214.22,1040118
2025-04-16 18:41:36.168606,BAC,218.12,219.42,216.63,216.75,8345856
2025-04-17 18:41:36.168606,BAC,214.62,216.28,212.97,214.37,8733739
2025-04-18 18:41:36.168606,BAC,213.99,216.24,212.69,215.26,8450913
2025-04-21 18:41:36.168606,BAC,215.99,219.06,213.64,216.97,192469
2025-04-22 18:41:36.168606,BAC,212.49,213.43,211.22,211.42,3815334
2025-04-23 18:41:36.168606,BAC,205.84,215.72,204.04,212.74,6946441
2025-04-24 18:41:36.168606,BAC,218.68,220.68,215.19,217.71,8732141
2025-04-25 18:41:36.168606,BAC,215.38,218.48,210.51,214.8,4270746
2025-04-28 18:41:36.168606,BAC,211.14,214.51,208.95,214.01,5084600
2025-04-29 18:41:36.168606,BAC,212.61,215.48,208.25,209.36,6602450
2025-04-30 18:41:36.168606,BAC,210.87,212.79,202.23,207.45,6265272
2025-05-01 18:41:36.168606,BAC,201.95,208.58,200.26,205.87,5564968
2025-05-02 18:41:36.168606,BAC,212.5,213.2,211.9,212.47,3178212
2025-05-05 18:41:36.168606,BAC,210.81,211.59,209.84,211.23,3954102
2025-05-06 18:41:36.168606,BAC,213.67,218.52,207.27,209.09,3951511
2025-05-07 18:41:36.168606,BAC,208.8,212.69,205.84,208.81,5174981
2025-05-08 18:41:36.168606,BAC,201.67,202.93,200.25,201.78,2496611
2025-05-09 18:41:36.168606,BAC,191.21,194.66,187.13,192.36,9968324
2025-05-12 18:41:36.168606,BAC,187.93,188.03,186.55,187.14,3114266
2025-05-13 18:41:36.168606,BAC,189.69,191.15,187.26,188.45,5199420
2025-05-14 18:41:36.168606,BAC,189.21,190.84,185.0,188.53,6807868
2025-05-15 18:41:36.168606,BAC,190.2,192.06,188.92,191.9,5453640
2025-05-16 18:41:36.168606,BAC,185.88,186.98,184.96,186.16,5646153
2025-05-19 18:41:36.168606,BAC,184.37,186.83,183.03,185.5,135241
2025-05-20 18:41:36.168606,BAC,183.13,183.61,179.34,179.68,4351754
2025-05-21 18:41:36.168606,BAC,179.84,182.05,178.24,180.73,425262
2025-05-22 18:41:36.168606,BAC,176.04,176.27,175.24,175.84,5486737
2025-05-23 18:41:36.168606,BAC,173.65,175.89,171.15,175.08,9713297
2025-05-26 18:41:36.168606,BAC,176.19,177.81,175.27,175.89,1671697
2025-05-27 18:41:36.168606,BAC,174.3,174.65,171.96,174.6,2914084
2025-05-28 18:41:36.168606,BAC,167.18,171.02,165.99,166.79,9125332
2025-05-29 18:41:36.168606,BAC,172.09,172.71,171.96,172.42,7422390
2025-05-30 18:41:36.168606,BAC,170.27,172.75,168.6,170.79,3778219
2025-06-02 18:41:36.168606,BAC,165.73,166.18,162.23,165.37,275666
2025-06-03 18:41:36.168606,BAC,168.86,169.88,167.57,167.97,3775007
2025-06-04 18:41:36.168606,BAC,170.1,172.36,167.46,170.74,9651361
2025-06-05 18:41:36.168606,BAC,170.19,170.85,168.73,169.79,1711256
2025-06-06 18:41:36.168606,BAC,174.62,177.23,172.26,175.1,2440921
2025-06-09 18:41:36.168606,BAC,171.27,174.16,170.54,172.59,9208849
2025-06-10 18:41:36.168606,BAC,173.0,174.07,171.55,173.28,4173091
2025-06-11 18:41:36.168606,BAC,174.84,176.52,173.28,175.14,1401732
2025-06-12 18:41:36.168606,BAC,181.28,183.13,177.51,180.53,4589738
2025-06-13 18:41:36.168606,BAC,175.58,177.19,173.01,173.6,8643390
2025-06-16 18:41:36.168606,BAC,180.72,181.79,179.71,181.65,6964498
2025-06-17 18:41:36.168606,BAC,186.45,188.48,184.58,186.0,2966292
2025-06-18 18:41:36.168606,BAC,187.07,189.77,183.06,187.77,8933886
2025-06-19 18:41:36.168606,BAC,184.64,186.6,183.11,184.86,7228397
2025-06-20 18:41:36.168606,BAC,180.74,184.38,179.11,181.68,6590003
2025-06-23 18:41:36.168606,BAC,183.48,185.0,182.72,182.82,8855861
2025-06-24 18:41:36.168606,BAC,184.74,184.81,183.07,184.72,4043811
2025-06-25 18:41:36.168606,BAC,187.15,188.19,185.65,186.16,1344634
2025-06-26 18:41:36.168606,BAC,189.92,193.42,185.82,186.85,5954177
2025-06-27 18:41:36.168606,BAC,189.34,189.49,188.2,188.55,9300055
