date,title,sentiment,relevance
2023-01-01,Federal Reserve hints at rate cuts,-0.9229770701357576,0.5450144023066482
2023-01-01,Market volatility increases,-0.7473903178346142,0.7231380833827074
2023-01-02,Trade tensions ease between nations,-0.48273797958614084,0.36024125629092707
2023-01-02,Economic indicators point to growth,-0.7545626732036872,0.6567147128203933
2023-01-03,Trade tensions ease between nations,0.5367255780991027,0.3567336791091804
2023-01-03,Cryptocurrency market rebounds,-0.6961140823451271,0.4131226509398539
2023-01-03,Federal Reserve hints at rate cuts,0.23651459288942944,0.9159688960838075
2023-01-04,Trade tensions ease between nations,-0.5145938860593608,0.3380523598595968
2023-01-05,Banking sector shows resilience,0.5431227761139301,0.9239542117043561
2023-01-06,Banking sector shows resilience,0.7536524007362693,0.8496783998624498
2023-01-06,Economic indicators point to growth,-0.04497264837403403,0.6749092636398244
2023-01-06,Tech stocks rally on strong earnings,0.7033149090014117,0.06284269172765711
2023-01-07,Trade tensions ease between nations,-0.653830190043458,0.07247574533276269
2023-01-07,Oil prices surge amid supply concerns,-0.7266596036666819,0.8394201905669662
2023-01-08,Cryptocurrency market rebounds,0.48489505634087515,0.4637425999423729
2023-01-08,Market volatility increases,-0.41689736428414137,0.9020702876986056
2023-01-08,Oil prices surge amid supply concerns,0.23312909415251037,0.49303581751764103
2023-01-09,Federal Reserve hints at rate cuts,0.32375463675600513,0.2716927226159468
2023-01-09,Tech stocks rally on strong earnings,-0.8928353343861668,0.5301618367140484
2023-01-10,Market volatility increases,0.4768069747666397,0.30179484125787337
2023-01-11,Trade tensions ease between nations,-0.8348345054045849,0.8229540106486173
2023-01-11,Oil prices surge amid supply concerns,0.4996655481148651,0.7014555437731961
2023-01-11,Banking sector shows resilience,-0.586768369539896,0.8088980237395733
2023-01-12,Oil prices surge amid supply concerns,0.8670656053186825,0.930592637432326
2023-01-12,Trade tensions ease between nations,-0.855801612851832,0.03455740780489169
2023-01-12,Banking sector shows resilience,0.12516421131389022,0.7216216098247926
2023-01-13,Cryptocurrency market rebounds,0.3708479625740386,0.04202691001778913
2023-01-13,Cryptocurrency market rebounds,0.049087805994241895,0.20845007981598385
2023-01-14,Market volatility increases,-0.9744154413321056,0.5715443752563123
2023-01-15,Federal Reserve hints at rate cuts,-0.5715746564551667,0.21362121894415864
2023-01-15,Trade tensions ease between nations,0.0592358351148341,0.04625639983611052
2023-01-15,Banking sector shows resilience,-0.2044774763399897,0.16482363559654756
2023-01-16,Trade tensions ease between nations,0.6378549436128775,0.2223145124994712
2023-01-17,Tech stocks rally on strong earnings,0.05928667173080471,0.6367907411287377
2023-01-17,Cryptocurrency market rebounds,-0.09795467627138255,0.18436082528888742
2023-01-18,Economic indicators point to growth,0.4821721481518868,0.2708438649338172
2023-01-18,Oil prices surge amid supply concerns,0.34810573246076815,0.6189185550704864
2023-01-19,Market volatility increases,0.5466422206325976,0.6923276371075521
2023-01-19,Tech stocks rally on strong earnings,-0.030184333705154165,0.6172796218630712
2023-01-20,Economic indicators point to growth,0.00683265214284523,0.5060979823409827
2023-01-21,Federal Reserve hints at rate cuts,0.2587039852311308,0.2781676579940593
2023-01-21,Cryptocurrency market rebounds,0.14612133275123118,0.3480622548492087
2023-01-21,Banking sector shows resilience,-0.11623608402573926,0.6211496828734658
2023-01-22,Market volatility increases,0.030254824083853604,0.3181961953289272
2023-01-22,Market volatility increases,0.23219012015616602,0.0851474734988138
2023-01-22,Trade tensions ease between nations,0.7461588786163011,0.13612346328061264
2023-01-23,Banking sector shows resilience,0.2416133906754092,0.31300890455145647
2023-01-24,Banking sector shows resilience,0.3274108679009273,0.4639892913275747
2023-01-24,Trade tensions ease between nations,-0.9920311742981285,0.7236104428798709
2023-01-24,Cryptocurrency market rebounds,0.13758794990077527,0.6214267114818195
2023-01-25,Oil prices surge amid supply concerns,-0.19369262033788615,0.8368136532313477
2023-01-25,Economic indicators point to growth,-0.1329496112188231,0.7021747968102092
2023-01-25,Banking sector shows resilience,0.4893004061331061,0.4229650022168878
2023-01-26,Trade tensions ease between nations,0.8781304574238085,0.6480794108634037
2023-01-26,Market volatility increases,-0.2526263576239549,0.7083699603891404
2023-01-26,Oil prices surge amid supply concerns,0.10945310912668238,0.9400081687287386
2023-01-27,Oil prices surge amid supply concerns,0.5908872929007021,0.28252769219536134
2023-01-27,Market volatility increases,-0.7357252983422276,0.2028884283857103
2023-01-27,Banking sector shows resilience,-0.11076258138272332,0.28119495291569574
2023-01-28,Oil prices surge amid supply concerns,-0.44816736290947756,0.8700091706643321
2023-01-28,Trade tensions ease between nations,-0.8244197816329422,0.621725910206539
2023-01-28,Market volatility increases,-0.12745118685372936,0.8198538642144739
2023-01-29,Federal Reserve hints at rate cuts,0.7261250489330322,0.2867050385403793
2023-01-30,Oil prices surge amid supply concerns,0.01928170761749648,0.5227178845406268
2023-01-31,Economic indicators point to growth,0.5120437310626553,0.2316688300953319
2023-01-31,Cryptocurrency market rebounds,0.7997795519100428,0.12334235728890608
2023-02-01,Federal Reserve hints at rate cuts,-0.8123343185066763,0.24163210875300312
2023-02-01,Oil prices surge amid supply concerns,0.9584061380434759,0.2420028215902802
2023-02-01,Oil prices surge amid supply concerns,-0.5500565557753034,0.36811871206444935
2023-02-02,Trade tensions ease between nations,-0.31412035673298355,0.5886551456822771
2023-02-02,Federal Reserve hints at rate cuts,0.19872625885392003,0.2376161327248153
2023-02-03,Trade tensions ease between nations,-0.2662059437016029,0.7225236659606921
2023-02-03,Economic indicators point to growth,0.05259584093544256,0.1942390471499178
2023-02-04,Federal Reserve hints at rate cuts,-0.1641818726246651,0.867461383679328
2023-02-05,Cryptocurrency market rebounds,0.2723377491267509,0.16527608094989088
2023-02-05,Market volatility increases,-0.33735947312569525,0.03926570721366274
2023-02-05,Market volatility increases,0.18249393371437872,0.013432922090576338
2023-02-06,Oil prices surge amid supply concerns,-0.8001807327697918,0.7875361675448994
2023-02-06,Federal Reserve hints at rate cuts,-0.8837075033136854,0.33807555774090925
2023-02-06,Trade tensions ease between nations,-0.7721463994718085,0.500336396059656
2023-02-07,Federal Reserve hints at rate cuts,0.07886398197804523,0.6259034520196889
2023-02-07,Tech stocks rally on strong earnings,0.8028840484247879,0.7274792909067426
2023-02-07,Banking sector shows resilience,-0.353723888041251,0.19141160280529135
2023-02-08,Oil prices surge amid supply concerns,0.5011948074543582,0.32561662837443617
2023-02-08,Cryptocurrency market rebounds,-0.6399800939026448,0.22045733547067958
2023-02-08,Economic indicators point to growth,0.8968943433240804,0.14557490651201876
2023-02-09,Cryptocurrency market rebounds,-0.6072859156720831,0.8664342633189339
2023-02-09,Market volatility increases,0.8771020104388758,0.9684376413429691
2023-02-10,Economic indicators point to growth,0.6094618680925792,0.15589548754934168
2023-02-11,Cryptocurrency market rebounds,0.5849730550461596,0.6585164606668864
2023-02-11,Economic indicators point to growth,0.3221967751158794,0.28648686656644196
2023-02-12,Tech stocks rally on strong earnings,0.616024280549494,0.4738170249748237
2023-02-12,Oil prices surge amid supply concerns,0.5745336683862181,0.05342053986123596
2023-02-12,Economic indicators point to growth,0.629885384094707,0.31847079262566313
2023-02-13,Oil prices surge amid supply concerns,0.8473181645557968,0.8236020002814938
2023-02-13,Economic indicators point to growth,0.5449990291520679,0.4903945164204372
2023-02-14,Cryptocurrency market rebounds,0.9115070423534837,0.8813266848746334
2023-02-15,Cryptocurrency market rebounds,0.19719830530546734,0.21792334811120662
2023-02-16,Banking sector shows resilience,-0.37298735062590915,0.843414821280314
2023-02-16,Oil prices surge amid supply concerns,0.24967026643330037,0.9743976175674482
2023-02-17,Banking sector shows resilience,0.6193842724157117,0.7112743819344406
2023-02-17,Banking sector shows resilience,0.056781130374237154,0.3783169321720098
2023-02-17,Market volatility increases,-0.8126822222775816,0.7695108191542541
2023-02-18,Oil prices surge amid supply concerns,-0.2393691478316855,0.20175111766153508
2023-02-19,Economic indicators point to growth,-0.23823611718658055,0.21205734386086317
2023-02-20,Banking sector shows resilience,0.7025718178539135,0.6784815888809166
2023-02-21,Economic indicators point to growth,-0.35562185128295964,0.6160572320966674
2023-02-21,Banking sector shows resilience,0.2969202958205852,0.21591967296703374
2023-02-21,Federal Reserve hints at rate cuts,-0.5485868916603567,0.2901649042389416
2023-02-22,Cryptocurrency market rebounds,-0.8727001362804132,0.49174221776754934
2023-02-22,Cryptocurrency market rebounds,-0.5744775750516735,0.7047132279908817
2023-02-23,Banking sector shows resilience,0.7198941488902182,0.5618660224504693
2023-02-23,Banking sector shows resilience,0.5004538802535508,0.9113333466281808
2023-02-24,Federal Reserve hints at rate cuts,0.9787187009553091,0.5254305298364805
2023-02-25,Oil prices surge amid supply concerns,0.8734512034893323,0.3349853079456776
2023-02-25,Market volatility increases,0.4997146630365463,0.18559002790745738
2023-02-26,Federal Reserve hints at rate cuts,0.8029617544348573,0.6257134786786572
2023-02-26,Trade tensions ease between nations,0.4216148928343686,0.1489843986424435
2023-02-26,Cryptocurrency market rebounds,-0.2824522779505172,0.32900304121735013
2023-02-27,Cryptocurrency market rebounds,-0.34540934544764346,0.6091167466603166
2023-02-27,Banking sector shows resilience,0.041786569147611585,0.1115808103974617
2023-02-28,Federal Reserve hints at rate cuts,0.9363097435428052,0.6958153993174592
2023-03-01,Market volatility increases,-0.5132521711164482,0.46477592646729693
2023-03-01,Tech stocks rally on strong earnings,0.8003980701081088,0.4036307833816085
2023-03-01,Tech stocks rally on strong earnings,0.7077567529343134,0.062070816119319194
2023-03-02,Trade tensions ease between nations,0.18883448077867326,0.3826865293809626
2023-03-03,Tech stocks rally on strong earnings,-0.9766807236800628,0.14437427840300276
2023-03-04,Federal Reserve hints at rate cuts,0.21180227388549588,0.7140329198491734
2023-03-04,Oil prices surge amid supply concerns,0.21276227466042363,0.5722294702689396
2023-03-04,Cryptocurrency market rebounds,0.3828026766233572,0.3918614713254117
2023-03-05,Oil prices surge amid supply concerns,-0.9917739421824412,0.7083951144916193
2023-03-05,Federal Reserve hints at rate cuts,0.9957736384582307,0.6882249416973815
2023-03-05,Market volatility increases,-0.5612167409451145,0.9463684252823379
2023-03-06,Market volatility increases,0.47491994706718055,0.8063242481429034
2023-03-06,Market volatility increases,0.7287726318717476,0.6294476943473644
2023-03-07,Economic indicators point to growth,0.42079791333015004,0.43980185784780534
2023-03-07,Economic indicators point to growth,-0.09866173680729973,0.6000437443425601
2023-03-07,Market volatility increases,-0.6788941115247664,0.5792198305481004
2023-03-08,Economic indicators point to growth,0.14295126728692487,0.5343436477957514
2023-03-09,Cryptocurrency market rebounds,0.6357265689987435,0.04257173768104727
2023-03-09,Cryptocurrency market rebounds,-0.9367953513226464,0.22005836492212516
2023-03-10,Oil prices surge amid supply concerns,0.7474592272364631,0.44630655228435134
2023-03-10,Tech stocks rally on strong earnings,0.4649874212328473,0.019056282144954473
2023-03-11,Federal Reserve hints at rate cuts,-0.5353489742334065,0.6604419647168102
2023-03-11,Trade tensions ease between nations,-0.8483941975301381,0.40273425319642975
2023-03-12,Trade tensions ease between nations,-0.7659574089003314,0.7236666799417809
2023-03-12,Market volatility increases,-0.8930794907452742,0.19331655614409227
2023-03-12,Cryptocurrency market rebounds,0.1619115109155025,0.6200359515149442
2023-03-13,Market volatility increases,0.1440073916498812,0.20823879112101773
2023-03-13,Economic indicators point to growth,-0.3280637340377479,0.5882865094126609
2023-03-13,Market volatility increases,-0.06893900639605266,0.9475764072677163
2023-03-14,Economic indicators point to growth,0.08303433439777219,0.775665013706119
2023-03-14,Trade tensions ease between nations,0.6142068580962969,0.4114888237199227
2023-03-15,Trade tensions ease between nations,-0.5862588859647992,0.031680358937275166
2023-03-15,Economic indicators point to growth,-0.24486056007869772,0.4680344890964935
2023-03-15,Oil prices surge amid supply concerns,0.09495930423593024,0.29804662810120985
2023-03-16,Cryptocurrency market rebounds,-0.47240457303858086,0.5342469736436152
2023-03-16,Tech stocks rally on strong earnings,0.5665690059353596,0.6459055997797016
2023-03-16,Market volatility increases,-0.4741408616194771,0.2570252490407946
2023-03-17,Cryptocurrency market rebounds,-0.7933648672858375,0.2882067959619894
2023-03-17,Cryptocurrency market rebounds,-0.7178999256010792,0.23564297928454414
2023-03-17,Economic indicators point to growth,-0.7003039652149208,0.025474648556933488
2023-03-18,Tech stocks rally on strong earnings,0.6494750559292433,0.3502787657576345
2023-03-18,Federal Reserve hints at rate cuts,-0.1324350164827215,0.26913242247901437
2023-03-19,Oil prices surge amid supply concerns,-0.7880312511528536,0.7769642190067937
2023-03-19,Trade tensions ease between nations,0.6148573860880979,0.7557893219000834
2023-03-19,Banking sector shows resilience,-0.9092263369431455,0.8288951641787901
2023-03-20,Tech stocks rally on strong earnings,0.43909992230117334,0.586122421344329
2023-03-21,Cryptocurrency market rebounds,-0.3924372512401513,0.9973012503912672
2023-03-22,Economic indicators point to growth,0.6766270330384212,0.25897593045178835
2023-03-23,Market volatility increases,-0.3137402584295481,0.3293850753638995
2023-03-24,Federal Reserve hints at rate cuts,-0.7821181489591804,0.10391280671026537
2023-03-25,Economic indicators point to growth,0.013158819690299417,0.8106787787547826
2023-03-25,Banking sector shows resilience,-0.29314113642094464,0.9774017269435843
2023-03-25,Market volatility increases,-0.4434988083966158,0.546249734204854
2023-03-26,Federal Reserve hints at rate cuts,-0.10817194400676167,0.593933023937321
2023-03-26,Federal Reserve hints at rate cuts,-0.8124384251962322,0.2667719456487774
2023-03-27,Market volatility increases,-0.8998681013006249,0.6010210759455352
2023-03-27,Market volatility increases,0.44504973164512185,0.39303534366952464
2023-03-28,Economic indicators point to growth,-0.7192729881563253,0.3743090861382363
2023-03-28,Federal Reserve hints at rate cuts,-0.35447752896973883,0.39706816893821406
2023-03-29,Trade tensions ease between nations,0.747751352805355,0.736187825271596
2023-03-29,Oil prices surge amid supply concerns,0.6078316409500226,0.49153727860056384
2023-03-30,Federal Reserve hints at rate cuts,-0.733972790793803,0.8281723960408419
2023-03-30,Cryptocurrency market rebounds,-0.813473930871506,0.6383502464378443
2023-03-30,Economic indicators point to growth,0.5099958201178463,0.7426825280711455
2023-03-31,Cryptocurrency market rebounds,0.06887008753060586,0.8032142699801195
2023-03-31,Cryptocurrency market rebounds,-0.9895562750721498,0.3557095430272451
2023-04-01,Economic indicators point to growth,0.33673759426030214,0.8801026924011718
2023-04-01,Banking sector shows resilience,-0.7045125740346554,0.44466807899387795
2023-04-01,Market volatility increases,0.9750321314917103,0.7803438744269366
2023-04-02,Banking sector shows resilience,-0.2623365161667419,0.11117014458220875
2023-04-03,Market volatility increases,-0.025832486085458406,0.6472868564709979
2023-04-04,Oil prices surge amid supply concerns,0.1299749018698062,0.8009821837412339
2023-04-05,Trade tensions ease between nations,0.5870493470350131,0.9651777833064991
2023-04-06,Federal Reserve hints at rate cuts,0.06976697733619996,0.7620791748104567
2023-04-06,Tech stocks rally on strong earnings,0.31670463246227,0.2737534554922233
2023-04-06,Market volatility increases,-0.781358706597225,0.5663066507052534
2023-04-07,Federal Reserve hints at rate cuts,0.6546865365102583,0.13564684778044034
2023-04-07,Economic indicators point to growth,-0.6726934776468314,0.9829893078827527
2023-04-07,Banking sector shows resilience,0.7319089676644566,0.8834408845818251
2023-04-08,Oil prices surge amid supply concerns,0.7597971116919375,0.6823120319437477
2023-04-08,Federal Reserve hints at rate cuts,-0.8631930907910093,0.6530080912905046
2023-04-08,Oil prices surge amid supply concerns,0.20561610021103727,0.7539328720244174
2023-04-09,Banking sector shows resilience,0.9665845564261515,0.06780458650022758
2023-04-09,Tech stocks rally on strong earnings,0.8118709804479303,0.23592259887621514
2023-04-09,Economic indicators point to growth,-0.3610547560090447,0.9235509613607022
2023-04-10,Banking sector shows resilience,-0.9785712574154106,0.49535875562952303
2023-04-10,Tech stocks rally on strong earnings,-0.44321206905914057,0.6764270081685619
2023-04-10,Cryptocurrency market rebounds,0.9079132600959725,0.30734697764042296
2023-04-11,Trade tensions ease between nations,0.5635680317093581,0.0678324603197179
2023-04-11,Market volatility increases,-0.37091584249290066,0.4650430726071443
2023-04-12,Tech stocks rally on strong earnings,0.015838952510303095,0.9473515415413877
2023-04-12,Banking sector shows resilience,0.3629232766691435,0.9898920150024761
2023-04-13,Tech stocks rally on strong earnings,-0.8529080883990796,0.2578918410827481
2023-04-13,Federal Reserve hints at rate cuts,0.14083192695905988,0.514270397861803
2023-04-14,Economic indicators point to growth,-0.03141535002124618,0.6627130296492809
2023-04-14,Federal Reserve hints at rate cuts,0.9237622637885587,0.6731882860340028
2023-04-15,Federal Reserve hints at rate cuts,0.4640651416083301,0.09901240825135549
2023-04-15,Banking sector shows resilience,-0.9231905908474993,0.5293225204951011
2023-04-16,Cryptocurrency market rebounds,0.4050759431845068,0.038320277700085725
2023-04-17,Economic indicators point to growth,0.13243288723425994,0.029785589474655483
2023-04-17,Economic indicators point to growth,0.032338365418425274,0.6774169322259616
2023-04-18,Banking sector shows resilience,0.13551652593763497,0.9574009223332961
2023-04-18,Banking sector shows resilience,-0.31305887509727426,0.3527016798864432
2023-04-18,Oil prices surge amid supply concerns,-0.10650491337575407,0.6545625822010801
2023-04-19,Trade tensions ease between nations,0.9256067760449178,0.5845923332163278
2023-04-20,Economic indicators point to growth,-0.3712235735090139,0.021118085345121385
2023-04-20,Trade tensions ease between nations,0.24350966619799652,0.39800058855840126
2023-04-21,Banking sector shows resilience,0.5141470836523214,0.5375645034023397
2023-04-22,Federal Reserve hints at rate cuts,0.5163969995298514,0.22996627043729356
2023-04-23,Banking sector shows resilience,-0.36161126570078195,0.7152638792297672
2023-04-24,Cryptocurrency market rebounds,0.9011027898384478,0.4970457882237993
2023-04-25,Oil prices surge amid supply concerns,0.9322164498193031,0.891151033406651
2023-04-26,Oil prices surge amid supply concerns,-0.4533306379534747,0.11098894183343555
2023-04-26,Cryptocurrency market rebounds,-0.3509367097796978,0.4207560002376348
2023-04-26,Trade tensions ease between nations,0.6759433619331787,0.5430781216979812
2023-04-27,Economic indicators point to growth,-0.23367578717801885,0.008871033824950914
2023-04-27,Tech stocks rally on strong earnings,0.9387810167284163,0.10860464574577211
2023-04-27,Banking sector shows resilience,0.29406509640241096,0.7599021556080733
2023-04-28,Economic indicators point to growth,0.21403350434208046,0.6164085449621961
2023-04-28,Market volatility increases,0.7427161970439544,0.8850487050627547
2023-04-28,Banking sector shows resilience,0.32996945643250797,0.14110621828141046
2023-04-29,Economic indicators point to growth,0.1837331179613777,0.7549479536568955
2023-04-29,Market volatility increases,0.337044223798302,0.8588872063728693
2023-04-30,Federal Reserve hints at rate cuts,-0.9154454226150734,0.5030715295027681
2023-04-30,Market volatility increases,-0.4105381271769355,0.2813639902466947
2023-04-30,Economic indicators point to growth,0.20568707450368673,0.2767592899623157
2023-05-01,Market volatility increases,-0.42292482454217395,0.6924241641216334
2023-05-01,Cryptocurrency market rebounds,-0.4209849174313005,0.40813388781064786
2023-05-02,Oil prices surge amid supply concerns,-0.20850611955928633,0.11580909010606699
2023-05-02,Economic indicators point to growth,-0.9683232093748864,0.3476703400888074
2023-05-02,Tech stocks rally on strong earnings,0.22213963982933138,0.8085542097425724
2023-05-03,Federal Reserve hints at rate cuts,-0.3769098234459207,0.23895985594773528
2023-05-03,Tech stocks rally on strong earnings,0.07391272774146129,0.11586104152186505
2023-05-03,Oil prices surge amid supply concerns,-0.9540142046809401,0.41957948020129165
2023-05-04,Banking sector shows resilience,0.26772868139431716,0.31065723646297505
2023-05-04,Market volatility increases,0.14241107334678849,0.3017586763116512
2023-05-05,Oil prices surge amid supply concerns,0.4267306077477899,0.1073259762581058
2023-05-05,Oil prices surge amid supply concerns,0.5905867431032581,0.5764718798930727
2023-05-06,Banking sector shows resilience,0.14617911065831835,0.2191493549284773
2023-05-07,Cryptocurrency market rebounds,0.8393307874556626,0.4811388340938395
2023-05-07,Oil prices surge amid supply concerns,-0.04663782202031319,0.38707632988714324
2023-05-08,Banking sector shows resilience,-0.4078688950150333,0.018192495964652222
2023-05-08,Federal Reserve hints at rate cuts,0.8254616851030934,0.3062333214464473
2023-05-08,Trade tensions ease between nations,0.2016292534647146,0.8322981359002558
2023-05-09,Cryptocurrency market rebounds,-0.29255017526326865,0.2083286338203153
2023-05-09,Banking sector shows resilience,0.8873610206873266,0.7543295428932328
2023-05-09,Market volatility increases,-0.7041500359545336,0.620738046040421
2023-05-10,Cryptocurrency market rebounds,0.3351277497633045,0.4415887121627323
2023-05-10,Economic indicators point to growth,0.8033428207010613,0.48799445603023484
2023-05-10,Economic indicators point to growth,0.9347079404333976,0.8401912972139929
2023-05-11,Federal Reserve hints at rate cuts,0.9974083166118772,0.03592797039224116
2023-05-11,Federal Reserve hints at rate cuts,-0.30433742612738035,0.4283347177687702
2023-05-11,Cryptocurrency market rebounds,0.16689427822399883,0.8753377534119847
2023-05-12,Economic indicators point to growth,-0.5583789038303859,0.21535055901977396
2023-05-13,Cryptocurrency market rebounds,0.6685147417574926,0.48609665740266983
2023-05-14,Federal Reserve hints at rate cuts,-0.6872187154834575,0.5319008217761566
2023-05-14,Economic indicators point to growth,0.294076142151551,0.32869130312728145
2023-05-15,Cryptocurrency market rebounds,-0.07549712683767962,0.25897902560255537
2023-05-15,Tech stocks rally on strong earnings,-0.046115129455394754,0.8341508218100244
2023-05-15,Market volatility increases,0.2130253092650891,0.6583369937669964
2023-05-16,Federal Reserve hints at rate cuts,-0.4488268369867561,0.294430705474545
2023-05-16,Trade tensions ease between nations,-0.7733640933858346,0.15665672255476393
2023-05-17,Tech stocks rally on strong earnings,-0.0027849982358783,0.9666099839007002
2023-05-18,Federal Reserve hints at rate cuts,-0.34278782460240786,0.18180628306322855
2023-05-19,Economic indicators point to growth,0.761638186009828,0.8407005366684062
2023-05-19,Economic indicators point to growth,0.5546071714761662,0.30069437307082203
2023-05-20,Trade tensions ease between nations,0.8635287553642239,0.672694630341775
2023-05-20,Cryptocurrency market rebounds,0.8756851425151255,0.9200695386504095
2023-05-21,Trade tensions ease between nations,-0.5803886106114933,0.0824502867068514
2023-05-21,Economic indicators point to growth,0.06633268240223655,0.43659943430818204
2023-05-21,Trade tensions ease between nations,-0.0446966729748306,0.2730346022561595
2023-05-22,Tech stocks rally on strong earnings,0.7290136474630193,0.35081051302127886
2023-05-22,Economic indicators point to growth,-0.8410725683208968,0.6878284063089071
2023-05-22,Federal Reserve hints at rate cuts,-0.9956999585723956,0.7683976934958908
2023-05-23,Federal Reserve hints at rate cuts,0.44984238764086615,0.9499604240263689
2023-05-23,Economic indicators point to growth,0.6018169838016008,0.4011487668206505
2023-05-24,Tech stocks rally on strong earnings,-0.451026322332841,0.1760091617224936
2023-05-24,Tech stocks rally on strong earnings,0.19221545064186052,0.72491041621564
2023-05-24,Cryptocurrency market rebounds,-0.9471913639135063,0.5863807120896241
2023-05-25,Trade tensions ease between nations,-0.23599334718898435,0.9743524684131875
2023-05-25,Tech stocks rally on strong earnings,0.8379447129449296,0.09478181624971815
2023-05-25,Federal Reserve hints at rate cuts,0.4571740240231419,0.029922692336895373
2023-05-26,Cryptocurrency market rebounds,-0.2949701773549325,0.3161944484071948
2023-05-26,Oil prices surge amid supply concerns,0.5832634008507904,0.6726352736293524
2023-05-26,Banking sector shows resilience,0.33316947626389504,0.4433760407129216
2023-05-27,Trade tensions ease between nations,-0.11521409833990415,0.7587096946893025
2023-05-27,Cryptocurrency market rebounds,-0.21285206204939744,0.5976931935285366
2023-05-27,Oil prices surge amid supply concerns,0.02407627041060878,0.29944185251403155
2023-05-28,Federal Reserve hints at rate cuts,0.47709193163367813,0.09916148247347101
2023-05-28,Federal Reserve hints at rate cuts,-0.3422017969620015,0.5098483798615527
2023-05-29,Tech stocks rally on strong earnings,0.21259681977824085,0.8983356218776369
2023-05-29,Economic indicators point to growth,0.08726852495979487,0.6960694158114903
2023-05-29,Oil prices surge amid supply concerns,0.20361454584979244,0.6287086618013874
2023-05-30,Tech stocks rally on strong earnings,-0.06616085634672397,0.6258590680917205
2023-05-31,Trade tensions ease between nations,-0.1555213780284932,0.5218758508374259
2023-05-31,Tech stocks rally on strong earnings,0.6008771942163924,0.19961339711113735
2023-06-01,Cryptocurrency market rebounds,-0.8219437151484505,0.05404966280330492
2023-06-01,Market volatility increases,-0.9839129218398701,0.9350214351758256
2023-06-02,Cryptocurrency market rebounds,-0.8135626165297103,0.8853618302924313
2023-06-03,Economic indicators point to growth,0.7223859459546782,0.15438749193685364
2023-06-03,Cryptocurrency market rebounds,-0.9834101057218727,0.9715274346414717
2023-06-04,Federal Reserve hints at rate cuts,-0.8816434737564078,0.6302446960363228
2023-06-04,Oil prices surge amid supply concerns,-0.6097084604888467,0.010951804393297904
2023-06-05,Economic indicators point to growth,0.8795734671778515,0.5827545950196967
2023-06-05,Federal Reserve hints at rate cuts,0.004397127259138767,0.7058383704283205
2023-06-05,Tech stocks rally on strong earnings,-0.6568152252312089,0.15715174299854973
2023-06-06,Oil prices surge amid supply concerns,0.9852189556214461,0.623451293079274
2023-06-06,Market volatility increases,-0.6822180385104901,0.6631514206974096
2023-06-06,Oil prices surge amid supply concerns,0.16698533197958398,0.16607592633674162
2023-06-07,Banking sector shows resilience,0.7837893750284648,0.7498386784811916
2023-06-07,Oil prices surge amid supply concerns,0.10162901594487517,0.11776894115932046
2023-06-08,Banking sector shows resilience,0.7706514987510478,0.9179930611015954
2023-06-08,Federal Reserve hints at rate cuts,0.05549741121042384,0.5251382300213235
2023-06-08,Economic indicators point to growth,0.049257322199632414,0.2774468841474744
2023-06-09,Cryptocurrency market rebounds,-0.22845507861329262,0.9273619013906649
2023-06-10,Banking sector shows resilience,-0.95808690450785,0.7090499626094782
2023-06-11,Economic indicators point to growth,-0.7671472275188573,0.6565785708302198
2023-06-11,Economic indicators point to growth,-0.1772431450993479,0.4521918578847488
2023-06-12,Market volatility increases,-0.6885543264131975,0.26790100379070814
2023-06-12,Tech stocks rally on strong earnings,-0.8470640130359441,0.6897258256415592
2023-06-13,Federal Reserve hints at rate cuts,-0.6494321093737476,0.8642687193387552
2023-06-14,Federal Reserve hints at rate cuts,0.35338051405901894,0.697635310642803
2023-06-15,Tech stocks rally on strong earnings,0.20766604622560525,0.4832990236956546
2023-06-15,Trade tensions ease between nations,-0.8630746986250386,0.2483012565189573
2023-06-15,Banking sector shows resilience,0.16094709574843646,0.5867342040774959
2023-06-16,Economic indicators point to growth,-0.667540385113675,0.2513813648568668
2023-06-16,Trade tensions ease between nations,0.05411175816860525,0.2586573917754442
2023-06-16,Oil prices surge amid supply concerns,0.5832737239762587,0.5750576639601843
2023-06-17,Market volatility increases,-0.005729844589776434,0.3593350507918217
2023-06-17,Banking sector shows resilience,0.3139139753739395,0.25662637837888136
2023-06-18,Trade tensions ease between nations,-0.7815364790028072,0.7271918197133835
2023-06-19,Trade tensions ease between nations,-0.6892770227161384,0.9775211652780664
2023-06-19,Economic indicators point to growth,0.1547837350392578,0.0058168927528551295
2023-06-19,Federal Reserve hints at rate cuts,0.914050297390723,0.45807964111793276
2023-06-20,Market volatility increases,0.826378657602326,0.3950540696335214
2023-06-20,Cryptocurrency market rebounds,-0.7173435116340334,0.5263414811525369
2023-06-20,Banking sector shows resilience,-0.12401707844466547,0.4142974906890794
2023-06-21,Market volatility increases,0.21207995175095307,0.7979195122179789
2023-06-22,Banking sector shows resilience,0.16567832352499168,0.35723172866802255
2023-06-22,Tech stocks rally on strong earnings,-0.9973882804976741,0.6596895444374126
2023-06-22,Tech stocks rally on strong earnings,-0.45325950101849344,0.10208867245400177
2023-06-23,Trade tensions ease between nations,0.4860581435911002,0.5993256440855557
2023-06-23,Trade tensions ease between nations,0.7537311589706648,0.2792366406111759
2023-06-24,Federal Reserve hints at rate cuts,0.8765534555116474,0.7054040375256969
2023-06-25,Economic indicators point to growth,0.7163944993487101,0.3917564424562938
2023-06-25,Trade tensions ease between nations,-0.937520234881339,0.22801500264646446
2023-06-26,Federal Reserve hints at rate cuts,0.5012350077575225,0.9185102180537461
2023-06-26,Federal Reserve hints at rate cuts,-0.1041797605450987,0.9351707382304958
2023-06-27,Banking sector shows resilience,0.41680224184301284,0.327321311700163
2023-06-27,Banking sector shows resilience,-0.934995073895968,0.10197748492373404
2023-06-27,Banking sector shows resilience,0.5496508371783064,0.8904195732063991
2023-06-28,Market volatility increases,0.1433896628032545,0.4196298149697495
2023-06-28,Trade tensions ease between nations,-0.7692467723444218,0.8255209707007082
2023-06-28,Trade tensions ease between nations,0.09755725119258396,0.530878929997644
2023-06-29,Tech stocks rally on strong earnings,0.5581745015668342,0.2871121274322226
2023-06-29,Market volatility increases,-0.40096097621061877,0.5148982953516847
2023-06-30,Market volatility increases,0.13369874059258713,0.7474135100761576
2023-06-30,Tech stocks rally on strong earnings,0.24138760042916663,0.463666482781547
2023-07-01,Banking sector shows resilience,-0.8669406987156345,0.9286924204837518
2023-07-02,Banking sector shows resilience,-0.39295463120568663,0.5563424358287306
2023-07-02,Economic indicators point to growth,0.16579299449095664,0.341494784815747
2023-07-03,Market volatility increases,-0.34133193919070015,0.8262456391589565
2023-07-04,Trade tensions ease between nations,-0.5435102521060136,0.9929726555898581
2023-07-04,Banking sector shows resilience,-0.534709078239342,0.5937304331449264
2023-07-05,Banking sector shows resilience,0.946191860297978,0.0007603968650616855
2023-07-05,Federal Reserve hints at rate cuts,-0.8392821429166339,0.8137014090381968
2023-07-05,Oil prices surge amid supply concerns,-0.564980633561665,0.8532781210622848
2023-07-06,Trade tensions ease between nations,0.11330015421996165,0.40083233749107616
2023-07-06,Banking sector shows resilience,-0.09447651243817012,0.35469932485580413
2023-07-07,Trade tensions ease between nations,0.1621404748690558,0.5271303478699969
2023-07-07,Cryptocurrency market rebounds,0.26347316870473825,0.5590757240356538
2023-07-07,Market volatility increases,-0.8589467212134896,0.7552682419855755
2023-07-08,Oil prices surge amid supply concerns,-0.30835279490193246,0.6541857257548752
2023-07-09,Oil prices surge amid supply concerns,0.45943434038303343,0.8618672410915074
2023-07-10,Cryptocurrency market rebounds,-0.10087334548791205,0.732580092386609
2023-07-11,Banking sector shows resilience,0.8970874152305743,0.9434345769042891
2023-07-12,Trade tensions ease between nations,0.22790009823421897,0.3883089267729717
2023-07-12,Tech stocks rally on strong earnings,0.5564833401596345,0.2631606248514544
2023-07-13,Banking sector shows resilience,-0.043749878613017934,0.01552825365404853
2023-07-13,Economic indicators point to growth,-0.6062316974108752,0.9464929770168534
2023-07-14,Market volatility increases,0.7470413849978474,0.4643035488351035
2023-07-14,Economic indicators point to growth,0.7159581033602171,0.18543479391664908
2023-07-14,Banking sector shows resilience,-0.610383918638358,0.26329265782493905
2023-07-15,Oil prices surge amid supply concerns,0.17203624166774745,0.06107867341163076
2023-07-16,Trade tensions ease between nations,-0.08517631850132168,0.5235363609285435
2023-07-16,Oil prices surge amid supply concerns,0.5950786691228955,0.40189432934336633
2023-07-16,Trade tensions ease between nations,0.09819737775359072,0.4777531125081015
2023-07-17,Oil prices surge amid supply concerns,0.9610943866694459,0.5411968367523298
2023-07-18,Trade tensions ease between nations,-0.8524997608746836,0.7366405278002316
2023-07-19,Banking sector shows resilience,-0.7361549329750152,0.41685897470051014
2023-07-19,Market volatility increases,-0.887328675232069,0.8497003516686293
2023-07-19,Oil prices surge amid supply concerns,-0.3489276000270385,0.36738431706025265
2023-07-20,Cryptocurrency market rebounds,-0.8213617953648265,0.7579742949440561
2023-07-21,Federal Reserve hints at rate cuts,0.846206314509454,0.34372585055986504
2023-07-21,Trade tensions ease between nations,0.270083591730105,0.44122561879888467
2023-07-22,Market volatility increases,0.6959314197144586,0.4492172961461701
2023-07-22,Federal Reserve hints at rate cuts,-0.35442143170894225,0.10775046894300133
2023-07-23,Market volatility increases,0.8329329353049812,0.6848035581941535
2023-07-23,Federal Reserve hints at rate cuts,0.765980726173962,0.1199612447511702
2023-07-24,Cryptocurrency market rebounds,-0.8943407737781655,0.458906900765495
2023-07-24,Market volatility increases,-0.8074287577866053,0.7372923957799129
2023-07-24,Trade tensions ease between nations,-0.49667732177946666,0.791255428842536
2023-07-25,Trade tensions ease between nations,-0.5433206748433008,0.06866002415840233
2023-07-25,Market volatility increases,0.2876581792271842,0.6407191878267148
2023-07-26,Economic indicators point to growth,0.7597394597431,0.8173064807660045
2023-07-26,Trade tensions ease between nations,0.8599111634913621,0.3935658117311609
2023-07-27,Economic indicators point to growth,0.4596981183893838,0.0035833314171702657
2023-07-28,Cryptocurrency market rebounds,0.7344673855798254,0.31125771320691853
2023-07-28,Economic indicators point to growth,-0.8940822771988064,0.6750499349623432
2023-07-28,Banking sector shows resilience,0.7538291976517055,0.4078754143596013
2023-07-29,Trade tensions ease between nations,0.26828224806244205,0.7319274047879859
2023-07-29,Economic indicators point to growth,0.1550884209262149,0.009846025985262075
2023-07-29,Federal Reserve hints at rate cuts,0.19582523122454343,0.16010392433672604
2023-07-30,Tech stocks rally on strong earnings,-0.42530019279379916,0.6513881337868953
2023-07-30,Oil prices surge amid supply concerns,-0.6862685645952573,0.33781393481216726
2023-07-31,Federal Reserve hints at rate cuts,-0.025255619024567855,0.8736989853828279
2023-07-31,Economic indicators point to growth,-0.7533401037207832,0.8949998813277716
2023-07-31,Market volatility increases,0.9622001153457798,0.2138230994232203
2023-08-01,Tech stocks rally on strong earnings,0.3901172449273629,0.3655993102784719
2023-08-01,Economic indicators point to growth,-0.6501821501799021,0.6997487617423915
2023-08-01,Oil prices surge amid supply concerns,-0.2379580070326084,0.5272415040677495
2023-08-02,Economic indicators point to growth,0.12650365740568725,0.661717510248701
2023-08-03,Oil prices surge amid supply concerns,-0.8701139020833579,0.19844578940892899
2023-08-03,Trade tensions ease between nations,0.5906291433823343,0.3658094367015491
2023-08-03,Oil prices surge amid supply concerns,-0.3577001883862778,0.731246196755521
2023-08-04,Federal Reserve hints at rate cuts,0.643991218237113,0.011868048899657757
2023-08-04,Cryptocurrency market rebounds,0.6936838344126086,0.7199716645103789
2023-08-04,Federal Reserve hints at rate cuts,-0.6638514216320872,0.9870347499874823
2023-08-05,Tech stocks rally on strong earnings,-0.15544827140315087,0.910196721788765
2023-08-06,Banking sector shows resilience,-0.4556290121197437,0.8044048797939504
2023-08-06,Banking sector shows resilience,0.43544628792738993,0.5228402988495474
2023-08-07,Cryptocurrency market rebounds,0.5882409496225935,0.09940048585426198
2023-08-07,Cryptocurrency market rebounds,-0.060233726250733755,0.6468943194615169
2023-08-08,Trade tensions ease between nations,-0.7089006329957201,0.9277136197962924
2023-08-08,Cryptocurrency market rebounds,-0.01690313817873923,0.3197151544746749
2023-08-08,Tech stocks rally on strong earnings,0.7059945888113033,0.21033253535567098
2023-08-09,Tech stocks rally on strong earnings,0.5615278959432937,0.22385750614135336
2023-08-09,Economic indicators point to growth,0.9139879719068242,0.8280807850924843
2023-08-10,Trade tensions ease between nations,-0.3944949654767034,0.22974729490430856
2023-08-10,Oil prices surge amid supply concerns,0.45097865191226494,0.34849003644848553
2023-08-11,Banking sector shows resilience,0.4881528543446887,0.4556988911031181
2023-08-11,Oil prices surge amid supply concerns,-0.5811293820370953,0.5605711464597214
2023-08-11,Market volatility increases,-0.13845667486318458,0.9319227661964041
2023-08-12,Tech stocks rally on strong earnings,0.1406168081793091,0.7733488061953846
2023-08-13,Oil prices surge amid supply concerns,0.41282075694077935,0.9740769436835638
2023-08-13,Oil prices surge amid supply concerns,0.32570035376149953,0.05022976606367224
2023-08-13,Oil prices surge amid supply concerns,-0.2899033903077506,0.34333972950928493
2023-08-14,Cryptocurrency market rebounds,0.7136156771700126,0.6719000799505128
2023-08-14,Cryptocurrency market rebounds,0.941521034265921,0.19034189770783339
2023-08-15,Federal Reserve hints at rate cuts,-0.4547106592423269,0.8232773974134733
2023-08-15,Banking sector shows resilience,0.09647383475193139,0.3496897830780291
2023-08-15,Market volatility increases,-0.9038997148738701,0.47671059711902486
2023-08-16,Tech stocks rally on strong earnings,0.8984469815090212,0.13665193054549962
2023-08-16,Oil prices surge amid supply concerns,0.4485381360098757,0.47835450195625084
2023-08-17,Oil prices surge amid supply concerns,-0.3574444895577371,0.7473432237620136
2023-08-17,Tech stocks rally on strong earnings,0.07020916801655264,0.323999868696083
2023-08-18,Economic indicators point to growth,-0.4268062317458614,0.23979540846681935
2023-08-18,Economic indicators point to growth,-0.4300214929606032,0.8173709956543612
2023-08-19,Market volatility increases,0.8550884291966709,0.9820563184262945
2023-08-19,Banking sector shows resilience,-0.045884695750947335,0.7745346794796034
2023-08-19,Oil prices surge amid supply concerns,0.6996106706211807,0.1807504103685189
2023-08-20,Tech stocks rally on strong earnings,0.9811631815195636,0.5782255547980426
2023-08-20,Cryptocurrency market rebounds,0.8073076698830803,0.9444357218964398
2023-08-21,Oil prices surge amid supply concerns,-0.2181278601152834,0.8046598410856832
2023-08-21,Oil prices surge amid supply concerns,0.35809324642518625,0.9853306930314859
2023-08-22,Banking sector shows resilience,-0.8417617740245107,0.4802418450853895
2023-08-22,Economic indicators point to growth,0.04496212688788126,0.7711755875961638
2023-08-23,Trade tensions ease between nations,0.40627366373428364,0.896054588927124
2023-08-24,Economic indicators point to growth,0.6223802399664293,0.8908300877154257
2023-08-24,Economic indicators point to growth,0.5171232813296767,0.12726888434746186
2023-08-24,Cryptocurrency market rebounds,-0.08422210815177267,0.602579167463282
2023-08-25,Cryptocurrency market rebounds,0.3272498041715828,0.8088589548869213
2023-08-26,Oil prices surge amid supply concerns,-0.48898961027305177,0.9150385246516093
2023-08-27,Economic indicators point to growth,0.2577010336809138,0.8553347287963323
2023-08-27,Market volatility increases,-0.3250587385628927,0.8499765770172123
2023-08-27,Cryptocurrency market rebounds,-0.06219659621466733,0.24846671130620013
2023-08-28,Tech stocks rally on strong earnings,-0.08322509907717346,0.8657273308280432
2023-08-29,Cryptocurrency market rebounds,-0.4445173842320709,0.09021269219848005
2023-08-30,Banking sector shows resilience,0.22282590785169032,0.37147074157199256
2023-08-30,Trade tensions ease between nations,0.3853988528010768,0.09709868883606243
2023-08-30,Banking sector shows resilience,0.9361955890538196,0.6306535272343021
2023-08-31,Economic indicators point to growth,-0.7239579973625094,0.5954045765990033
2023-08-31,Banking sector shows resilience,0.718779337894424,0.736621894459253
2023-08-31,Banking sector shows resilience,-0.5274914117275447,0.6347530112268793
2023-09-01,Banking sector shows resilience,0.4270472245430976,0.8668296984914692
2023-09-01,Oil prices surge amid supply concerns,0.24015720487976067,0.9161362518293654
2023-09-01,Banking sector shows resilience,-0.21124621599016025,0.3828287487249141
2023-09-02,Banking sector shows resilience,-0.8756173251551915,0.8627618122868201
2023-09-03,Oil prices surge amid supply concerns,-0.4595308899915478,0.3055977559793501
2023-09-04,Banking sector shows resilience,0.22123034049635693,0.3524988050950726
2023-09-05,Tech stocks rally on strong earnings,0.08335440100794456,0.876233076711272
2023-09-06,Trade tensions ease between nations,-0.9038316450924433,0.47141453096373165
2023-09-06,Trade tensions ease between nations,-0.5593966110553239,0.2911366122428687
2023-09-06,Federal Reserve hints at rate cuts,0.8640679180302744,0.6633119822815835
2023-09-07,Banking sector shows resilience,0.11700814987105246,0.7559931780094885
2023-09-08,Tech stocks rally on strong earnings,0.37560435755088983,0.528314954512552
2023-09-08,Economic indicators point to growth,0.7457962742202568,0.7296614950852911
2023-09-09,Market volatility increases,-0.8087144061255924,0.07332949575090919
2023-09-09,Economic indicators point to growth,-0.9314258416913554,0.01742778001939993
2023-09-09,Banking sector shows resilience,-0.8868421558660169,0.11761017606538371
2023-09-10,Trade tensions ease between nations,-0.3616942135480683,0.940813056213335
2023-09-11,Oil prices surge amid supply concerns,0.6091614214754741,0.6448554995758178
2023-09-12,Economic indicators point to growth,-0.2964467278425962,0.004526273728589492
2023-09-12,Market volatility increases,0.12331143917707199,0.57984174592309
2023-09-13,Tech stocks rally on strong earnings,-0.9248400184351873,0.30862204422467365
2023-09-13,Federal Reserve hints at rate cuts,-0.8338743571282425,0.8550014193656442
2023-09-13,Cryptocurrency market rebounds,0.657634280876731,0.13942518665731451
2023-09-14,Market volatility increases,-0.17962969915825022,0.31149486798184944
2023-09-14,Economic indicators point to growth,0.42146676276129247,0.45913686531452125
2023-09-14,Trade tensions ease between nations,0.6725640642567219,0.34896576845660154
2023-09-15,Market volatility increases,0.054772071620682095,0.4403675697252014
2023-09-16,Tech stocks rally on strong earnings,0.12504425931614782,0.21252222036127877
2023-09-17,Oil prices surge amid supply concerns,0.19483877773239167,0.533440548026308
2023-09-18,Banking sector shows resilience,0.40197434428514534,0.6920159374524375
2023-09-19,Tech stocks rally on strong earnings,0.17798459358839858,0.6987798875001111
2023-09-20,Oil prices surge amid supply concerns,-0.6141858660731994,0.023842586181725967
2023-09-20,Cryptocurrency market rebounds,0.4490150544116147,0.16665290167642333
2023-09-21,Market volatility increases,-0.7813257897119961,0.4986855400390968
2023-09-21,Banking sector shows resilience,0.6369289442915027,0.17851661172994016
2023-09-22,Market volatility increases,0.6564523708227441,0.14526041596378658
2023-09-23,Economic indicators point to growth,0.6901904627780264,0.9871596918711377
2023-09-23,Oil prices surge amid supply concerns,0.5434948893987195,0.46162573650906635
2023-09-24,Market volatility increases,-0.14007969144295584,0.5693095210962313
2023-09-24,Economic indicators point to growth,0.6939090277864834,0.8885612956495333
2023-09-25,Oil prices surge amid supply concerns,-0.34577039534079756,0.20076563775141976
2023-09-26,Federal Reserve hints at rate cuts,0.8630490017255721,0.45445471136111515
2023-09-26,Oil prices surge amid supply concerns,0.8862340833510249,0.7235429753765935
2023-09-27,Banking sector shows resilience,-0.7913407887368977,0.8307831362097129
2023-09-27,Federal Reserve hints at rate cuts,0.8706027002150551,0.4629343071045323
2023-09-28,Market volatility increases,-0.6339825830865735,0.34121502670238935
2023-09-29,Oil prices surge amid supply concerns,-0.3889816945060147,0.091153729689053
2023-09-29,Federal Reserve hints at rate cuts,-0.6978940812044501,0.9547754800394784
2023-09-30,Federal Reserve hints at rate cuts,-0.6278142468308323,0.36884373259089653
2023-10-01,Banking sector shows resilience,-0.37430071600676507,0.03985053331711297
2023-10-02,Tech stocks rally on strong earnings,-0.7661923323426036,0.6103461542293855
2023-10-02,Market volatility increases,-0.8453424228586239,0.17421459674101547
2023-10-03,Banking sector shows resilience,0.49497615312445964,0.5590574709044802
2023-10-03,Tech stocks rally on strong earnings,-0.35562198469689177,0.9306811626149508
2023-10-03,Trade tensions ease between nations,-0.628651862577188,0.3576173300944826
2023-10-04,Federal Reserve hints at rate cuts,-0.07995307491893566,0.8741517279961512
2023-10-04,Economic indicators point to growth,-0.5986648546649118,0.9724657197834555
2023-10-04,Economic indicators point to growth,-0.653816461401759,0.08158834349683364
2023-10-05,Trade tensions ease between nations,0.2812115260334871,0.46209306823488927
2023-10-06,Banking sector shows resilience,-0.6379364289640561,0.27901135383722175
2023-10-06,Banking sector shows resilience,0.38038315757550434,0.11528520525198338
2023-10-07,Cryptocurrency market rebounds,0.5694994944328635,0.9182439372766628
2023-10-08,Tech stocks rally on strong earnings,-0.11699322749917584,0.2310682652343663
2023-10-09,Trade tensions ease between nations,0.2922069124349034,0.5627097913695294
2023-10-09,Federal Reserve hints at rate cuts,0.896372609471541,0.11207294486336694
2023-10-09,Federal Reserve hints at rate cuts,0.5057675296518471,0.6987676042639811
2023-10-10,Cryptocurrency market rebounds,-0.8467060898067436,0.3926421640063734
2023-10-10,Federal Reserve hints at rate cuts,-0.02471972412838208,0.6968959325747892
2023-10-11,Federal Reserve hints at rate cuts,-0.9125613563372235,0.7658468141808202
2023-10-11,Federal Reserve hints at rate cuts,0.976596605934088,0.026296115220254324
2023-10-11,Tech stocks rally on strong earnings,0.6958075034157845,0.7595047847220189
2023-10-12,Banking sector shows resilience,-0.8907895059863635,0.07523280536725585
2023-10-13,Federal Reserve hints at rate cuts,-0.5175166673094156,0.028168041890619056
2023-10-14,Market volatility increases,-0.8629483195734156,0.6275144585375669
2023-10-14,Trade tensions ease between nations,0.38284036287290446,0.5529187097598878
2023-10-14,Cryptocurrency market rebounds,-0.11761643312689385,0.5376380630058334
2023-10-15,Tech stocks rally on strong earnings,-0.8982470455648466,0.4552736427872246
2023-10-16,Trade tensions ease between nations,-0.32281274697283235,0.8377943628398361
2023-10-17,Market volatility increases,0.24105742620959192,0.8509507686119694
2023-10-17,Market volatility increases,0.2841056279326566,0.7430633646265158
2023-10-17,Economic indicators point to growth,0.4712871890207011,0.8581790833388189
2023-10-18,Tech stocks rally on strong earnings,-0.5176780162931354,0.25108004002537876
2023-10-18,Banking sector shows resilience,0.40346016280696695,0.1043893978338668
2023-10-18,Tech stocks rally on strong earnings,0.1207826925553821,0.12867868650790715
2023-10-19,Tech stocks rally on strong earnings,-0.8453363777105989,0.8277751609354038
2023-10-20,Market volatility increases,-0.6711545078347114,0.8371843456033369
2023-10-20,Economic indicators point to growth,0.901162485859909,0.4477752260686686
2023-10-20,Cryptocurrency market rebounds,0.5447187903833695,0.3832853605285431
2023-10-21,Economic indicators point to growth,-0.9735359702252258,0.8619191596683733
2023-10-22,Oil prices surge amid supply concerns,0.7724886111458455,0.08545543283757617
2023-10-22,Economic indicators point to growth,-0.23075111581274332,0.00531820757968704
2023-10-22,Tech stocks rally on strong earnings,0.11387053241457168,0.694633877395074
2023-10-23,Tech stocks rally on strong earnings,0.29624575837698175,0.04748751449497324
2023-10-24,Oil prices surge amid supply concerns,0.2805844480624258,0.17934688076484406
2023-10-24,Market volatility increases,-0.04590461195540696,0.14848205420581462
2023-10-25,Oil prices surge amid supply concerns,-0.8859993658013448,0.7403642474361019
2023-10-25,Tech stocks rally on strong earnings,-0.16246515634621916,0.23752115897886839
2023-10-26,Banking sector shows resilience,-0.9049500451204753,0.12862494475137043
2023-10-26,Tech stocks rally on strong earnings,0.1225206190387389,0.19238825359808176
2023-10-26,Market volatility increases,0.12340648480726402,0.31147835779431043
2023-10-27,Market volatility increases,0.48315114286586636,0.7901568815789877
2023-10-27,Oil prices surge amid supply concerns,0.11992111542579575,0.3545568200122503
2023-10-27,Banking sector shows resilience,-0.2378832967957969,0.3111559732996395
2023-10-28,Oil prices surge amid supply concerns,-0.11266451549867562,0.3763175646354826
2023-10-28,Market volatility increases,-0.19207535681432208,0.8749104399651958
2023-10-28,Cryptocurrency market rebounds,0.9611488102170036,0.7299626081804377
2023-10-29,Banking sector shows resilience,0.5016040800007688,0.2245217725573232
2023-10-29,Banking sector shows resilience,0.10531876545857322,0.26046811084418775
2023-10-30,Trade tensions ease between nations,0.8712886792722105,0.5767267207980356
2023-10-31,Cryptocurrency market rebounds,-0.2649275374063671,0.8380464157166131
2023-11-01,Oil prices surge amid supply concerns,-0.11896947256108548,0.5095427161565095
2023-11-01,Trade tensions ease between nations,-0.8597588573903638,0.18372800818450663
2023-11-01,Market volatility increases,0.19274352594416388,0.8822192616767326
2023-11-02,Federal Reserve hints at rate cuts,-0.9538189692356138,0.4586279192491389
2023-11-02,Economic indicators point to growth,0.22272213658828277,0.28557071596969685
2023-11-02,Trade tensions ease between nations,0.3620578868205766,0.4904353085553431
2023-11-03,Trade tensions ease between nations,0.5697368971668819,0.17880742135052863
2023-11-03,Oil prices surge amid supply concerns,0.7100687336238622,0.033045914101558105
2023-11-04,Cryptocurrency market rebounds,0.18451569773852472,0.9407886769615433
2023-11-04,Federal Reserve hints at rate cuts,-0.8076703677761978,0.40208114933097516
2023-11-04,Market volatility increases,0.2824748563040478,0.14634345690471806
2023-11-05,Federal Reserve hints at rate cuts,0.5833922554797664,0.7948311457453019
2023-11-06,Economic indicators point to growth,-0.1789895040887548,0.5736913843341411
2023-11-06,Trade tensions ease between nations,0.6996999633178538,0.7731966840746199
2023-11-06,Tech stocks rally on strong earnings,0.031246828601938725,0.9982114802636518
2023-11-07,Economic indicators point to growth,-0.8449723440225931,0.06917775447863694
2023-11-07,Banking sector shows resilience,-0.35816636957684245,0.029470199624565763
2023-11-07,Cryptocurrency market rebounds,-0.931548537548365,0.7146863744469965
2023-11-08,Cryptocurrency market rebounds,-0.4727070259464503,0.014979887557258209
2023-11-09,Cryptocurrency market rebounds,-0.277978503185796,0.5197529421799558
2023-11-09,Federal Reserve hints at rate cuts,0.601030039871006,0.27345345266377685
2023-11-10,Tech stocks rally on strong earnings,0.31632741788133867,0.14461212153373615
2023-11-11,Federal Reserve hints at rate cuts,-0.10439148412296384,0.3417853360442408
2023-11-11,Cryptocurrency market rebounds,-0.5593447639156961,0.31493798832926667
2023-11-12,Market volatility increases,-0.8882798837443879,0.22644817739747714
2023-11-12,Cryptocurrency market rebounds,0.629747318750236,0.49427706226154433
2023-11-13,Oil prices surge amid supply concerns,0.37341770771594596,0.10914676456764372
2023-11-13,Oil prices surge amid supply concerns,-0.9439471790024998,0.4284912250345887
2023-11-14,Federal Reserve hints at rate cuts,-0.7513600507933034,0.6877239806104942
2023-11-15,Tech stocks rally on strong earnings,0.11241027448966778,0.8970436864539427
2023-11-15,Federal Reserve hints at rate cuts,-0.09775110228414774,0.6590798335102442
2023-11-15,Cryptocurrency market rebounds,-0.5694612562014463,0.018864258682483648
2023-11-16,Cryptocurrency market rebounds,0.9160599070198137,0.8500385011671263
2023-11-16,Federal Reserve hints at rate cuts,-0.04130175145547299,0.05778663712898402
2023-11-16,Economic indicators point to growth,0.6145948083689652,0.6197120755022898
2023-11-17,Banking sector shows resilience,0.9200757250157976,0.7678038142727236
2023-11-17,Tech stocks rally on strong earnings,-0.4799405459459811,0.7158187448425589
2023-11-18,Trade tensions ease between nations,0.20249425395510823,0.7349770620716278
2023-11-18,Tech stocks rally on strong earnings,0.07420007421697972,0.044539477135086436
2023-11-19,Federal Reserve hints at rate cuts,-0.35422127129783276,0.009262701516075444
2023-11-19,Tech stocks rally on strong earnings,0.46624792434727236,0.8848255427128402
2023-11-20,Federal Reserve hints at rate cuts,0.9248492985929377,0.8632465686355033
2023-11-21,Banking sector shows resilience,0.39582510910913005,0.8659133645767403
2023-11-22,Oil prices surge amid supply concerns,0.24534264792750826,0.503623602184485
2023-11-23,Federal Reserve hints at rate cuts,-0.35909304141392484,0.6051980172717428
2023-11-24,Tech stocks rally on strong earnings,0.49917426391477693,0.8761046432594108
2023-11-24,Economic indicators point to growth,-0.051239272314931306,0.15558918137732347
2023-11-25,Economic indicators point to growth,0.7689577091792243,0.6658620502018623
2023-11-26,Economic indicators point to growth,0.1263915676961227,0.6254066857436861
2023-11-26,Trade tensions ease between nations,-0.14139196258292386,0.4440217258626916
2023-11-26,Cryptocurrency market rebounds,0.07619093582489889,0.34021198117578055
2023-11-27,Trade tensions ease between nations,0.6037608709153683,0.8522320284477132
2023-11-27,Market volatility increases,0.9917339173259041,0.9624444608220021
2023-11-27,Economic indicators point to growth,-0.6144352375920219,0.5986491583751058
2023-11-28,Tech stocks rally on strong earnings,-0.45380396788172805,0.09964313605081465
2023-11-28,Tech stocks rally on strong earnings,-0.1381450439259302,0.3908054109839596
2023-11-28,Banking sector shows resilience,-0.050366092867814016,0.35777869745770574
2023-11-29,Economic indicators point to growth,-0.2686955768631092,0.7497764840658706
2023-11-29,Federal Reserve hints at rate cuts,0.6401279255531724,0.6359163128534984
2023-11-29,Trade tensions ease between nations,-0.7692888298848646,0.7198157068271003
2023-11-30,Market volatility increases,0.12366530611700877,0.6698407540486009
2023-12-01,Banking sector shows resilience,0.20122807136016307,0.6351493963239243
2023-12-01,Market volatility increases,-0.9751418819668247,0.4741451598847398
2023-12-01,Tech stocks rally on strong earnings,-0.540178985795267,0.44697497759791427
2023-12-02,Cryptocurrency market rebounds,-0.39706769294912947,0.8882933556960906
2023-12-03,Economic indicators point to growth,-0.7116912297072868,0.43499326656531967
2023-12-03,Tech stocks rally on strong earnings,-0.19319171971715665,0.2910267037681199
2023-12-04,Banking sector shows resilience,-0.14960573457187976,0.3677955497203532
2023-12-04,Oil prices surge amid supply concerns,0.4699513049698465,0.38458582078268444
2023-12-04,Economic indicators point to growth,-0.44709410238496394,0.5460579372845413
2023-12-05,Federal Reserve hints at rate cuts,-0.3754927821353782,0.3979590266937102
2023-12-05,Oil prices surge amid supply concerns,-0.24077258016578096,0.777803313189575
2023-12-05,Oil prices surge amid supply concerns,-0.1941260056609837,0.07037185645906263
2023-12-06,Trade tensions ease between nations,-0.7432374800195694,0.18648063537040982
2023-12-06,Tech stocks rally on strong earnings,-0.7988968917697965,0.8852761808044443
2023-12-07,Trade tensions ease between nations,-0.3778010015627258,0.8601326471101755
2023-12-07,Cryptocurrency market rebounds,0.4640862745833094,0.609407932490873
2023-12-08,Economic indicators point to growth,0.12190134768802174,0.4465220999286834
2023-12-08,Federal Reserve hints at rate cuts,0.03610291867724125,0.9369549490270422
2023-12-08,Banking sector shows resilience,-0.09238146185453822,0.41736411001232465
2023-12-09,Oil prices surge amid supply concerns,-0.42790783620906603,0.31730569081248594
2023-12-09,Economic indicators point to growth,-0.9196426748560025,0.6107494416390881
2023-12-09,Oil prices surge amid supply concerns,-0.8220931211041247,0.7465876901977657
2023-12-10,Market volatility increases,0.8203310843073239,0.25314949930312747
2023-12-10,Oil prices surge amid supply concerns,0.563289623083562,0.17572501484439018
2023-12-11,Banking sector shows resilience,-0.6401253437725396,0.11915397130943406
2023-12-11,Oil prices surge amid supply concerns,0.4676028016258489,0.26890882748236833
2023-12-12,Banking sector shows resilience,-0.8857757581817778,0.31857785461210375
2023-12-12,Federal Reserve hints at rate cuts,0.8918565569153065,0.4802027305237291
2023-12-13,Economic indicators point to growth,0.7787011422784182,0.36074029431189303
2023-12-13,Trade tensions ease between nations,-0.871154150796773,0.5525606853875761
2023-12-13,Cryptocurrency market rebounds,-0.08155078970430685,0.5073894474725281
2023-12-14,Federal Reserve hints at rate cuts,-0.8916568136994873,0.7396711920267124
2023-12-15,Cryptocurrency market rebounds,-0.8207352657510423,0.24086103145392412
2023-12-15,Economic indicators point to growth,-0.011629603732099758,0.703434026198958
2023-12-15,Tech stocks rally on strong earnings,-0.21311875290544968,0.11508449630470441
2023-12-16,Market volatility increases,-0.7427111643482105,0.16479557360846553
2023-12-16,Economic indicators point to growth,-0.8519732691182957,0.19149663902414904
2023-12-17,Trade tensions ease between nations,0.9669835557041337,0.34264075819232187
2023-12-17,Cryptocurrency market rebounds,0.8613705812153885,0.5018541446434782
2023-12-17,Economic indicators point to growth,-0.8290149250349634,0.19298642488756046
2023-12-18,Cryptocurrency market rebounds,-0.8221501535469964,0.9777981967996247
2023-12-19,Cryptocurrency market rebounds,0.7744859102611572,0.40956538491480177
2023-12-20,Cryptocurrency market rebounds,-0.7491271066400769,0.9107561874640427
2023-12-20,Tech stocks rally on strong earnings,-0.19815317411474775,0.49732712404684976
2023-12-20,Trade tensions ease between nations,-0.2985661936446151,0.9488389936827343
2023-12-21,Tech stocks rally on strong earnings,0.781999096268075,0.26144343638609036
2023-12-22,Economic indicators point to growth,-0.6152138822633069,0.9788017436698107
2023-12-23,Oil prices surge amid supply concerns,0.15893829181462915,0.9073992473714128
2023-12-23,Market volatility increases,-0.40389996511305637,0.9859169543459818
2023-12-24,Oil prices surge amid supply concerns,0.8158001931048824,0.7072273796053117
2023-12-25,Tech stocks rally on strong earnings,-0.027225780313667736,0.4978110341030172
2023-12-25,Economic indicators point to growth,-0.11075314864345498,0.9142138916051225
2023-12-25,Market volatility increases,0.9624790566860699,0.653736310790758
2023-12-26,Oil prices surge amid supply concerns,-0.6597805403585457,0.3586863328220079
2023-12-27,Oil prices surge amid supply concerns,0.2614051994829214,0.9831335836513722
2023-12-28,Economic indicators point to growth,-0.2727860986777628,0.25379205027594154
2023-12-29,Cryptocurrency market rebounds,-0.07237118390771413,0.7251407115464938
2023-12-30,Market volatility increases,0.07785557144462318,0.932542862247219
2023-12-30,Cryptocurrency market rebounds,-0.36281646770934994,0.5088025114654967
2023-12-30,Banking sector shows resilience,-0.1273500760415367,0.2645080981514939
2023-12-31,Federal Reserve hints at rate cuts,-0.8925786245230616,0.25490491213147815
2023-12-31,Trade tensions ease between nations,-0.7031648422545835,0.4136031654101535
2023-12-31,Cryptocurrency market rebounds,0.014035144318333304,0.7964138022513468
