date,AAPL,AMZN,BAC,GOOG,JPM,MSFT,NVDA,TSLA
2023-06-30 18:41:36.168606,0.006823,0.007681,0.037446,-0.006901,-0.033845,0.026592,0.026979,0.01171
2023-07-03 18:41:36.168606,0.006085,0.001243,-0.006298,0.057412,0.014544,-0.021453,0.001738,0.003222
2023-07-04 18:41:36.168606,0.020756,-0.034757,-0.009132,0.033172,0.002229,-0.006516,-0.004435,0.007176
2023-07-05 18:41:36.168606,-0.011177,0.0018,-0.021183,-0.031501,0.008329,0.013254,0.012009,-0.015038
2023-07-06 18:41:36.168606,-0.009941,0.006162,-0.010891,-0.015324,0.034902,-0.028791,-0.016842,-0.005915
2023-07-07 18:41:36.168606,-0.010935,-0.012588,-0.007175,-0.020168,-0.011868,0.029853,0.003309,-0.008885
2023-07-10 18:41:36.168606,-0.01801,-0.019726,0.014167,0.013452,0.026348,-0.006674,-0.023477,0.000446
2023-07-11 18:41:36.168606,-0.051763,0.010369,-0.018132,0.011834,-0.01162,0.003258,0.002186,-0.00815
2023-07-12 18:41:36.168606,0.019491,0.00774,-0.012718,0.011854,0.031769,0.023743,-0.002181,-0.010874
2023-07-13 18:41:36.168606,0.016847,0.005006,0.034425,-0.032177,0.015516,-0.015396,-0.015498,0.003017
2023-07-14 18:41:36.168606,-0.029967,0.000687,-0.058116,-0.012266,-0.029643,0.021744,0.003835,0.042441
2023-07-17 18:41:36.168606,-0.00802,-0.010813,0.010084,-0.002451,-0.007832,0.0333,0.003619,0.012135
2023-07-18 18:41:36.168606,-0.014373,0.045892,-0.025292,-0.035872,0.038808,-0.012586,0.024038,-0.03507
2023-07-19 18:41:36.168606,-0.013596,-0.005474,-0.01563,-0.016989,0.036324,0.027874,-0.03169,0.007487
2023-07-20 18:41:36.168606,-0.042273,-0.016764,0.028981,0.027653,0.012554,-0.034697,-0.00101,-0.009762
2023-07-21 18:41:36.168606,-0.01206,0.001612,0.001948,-0.030609,0.007621,0.008305,-0.014762,-0.018337
2023-07-24 18:41:36.168606,0.012451,-0.003133,0.053603,0.029493,0.005268,-0.02413,0.017857,0.014588
2023-07-25 18:41:36.168606,0.051684,-0.005947,0.013056,0.022413,0.009245,0.019385,0.015729,0.002037
2023-07-26 18:41:36.168606,0.008331,0.037945,-0.01611,-0.005274,-0.002299,0.017723,0.010522,0.050242
2023-07-27 18:41:36.168606,0.002956,-0.022067,0.011675,-0.012593,0.02472,0.042011,-0.013556,-0.001819
2023-07-28 18:41:36.168606,-0.009825,0.001263,0.023081,0.017285,0.012044,0.028972,0.018323,-0.003994
2023-07-31 18:41:36.168606,-0.011449,-0.02077,0.010936,-0.015341,-0.018819,-0.002845,-0.030119,0.024409
2023-08-01 18:41:36.168606,0.019456,-0.010305,-0.00381,-0.01424,0.013627,-0.021103,-0.034281,0.00095
2023-08-02 18:41:36.168606,0.006286,0.035228,-0.033329,0.0,0.003784,0.011781,-0.025057,-0.020654
2023-08-03 18:41:36.168606,-0.012192,0.006119,-0.005935,-0.042148,-0.005745,-0.00072,0.0,-0.017096
2023-08-04 18:41:36.168606,-0.019962,0.005915,0.033831,-0.028389,0.03846,0.031533,0.013922,-0.006074
2023-08-07 18:41:36.168606,-0.002721,-0.018302,-0.015399,-0.005844,0.002573,-0.042855,-0.058935,0.013651
2023-08-08 18:41:36.168606,-0.010134,-0.008014,-0.00775,0.009919,-0.03864,0.044288,0.026936,0.025955
2023-08-09 18:41:36.168606,0.000315,0.036993,0.020336,-0.01546,-0.00433,0.011127,0.00306,0.016522
2023-08-10 18:41:36.168606,-0.004015,0.010497,0.012897,-0.00351,0.020402,-0.015729,-0.030944,0.011862
2023-08-11 18:41:36.168606,0.008221,-0.00633,-0.025669,-0.031702,-0.01804,0.01516,0.002698,0.022444
2023-08-14 18:41:36.168606,-0.024775,0.009311,-0.001677,0.019146,0.019674,0.026466,0.022202,0.012917
2023-08-15 18:41:36.168606,0.022349,0.005826,0.028629,0.004884,-0.019436,0.002752,0.012505,-0.017552
2023-08-16 18:41:36.168606,0.056067,-0.016251,0.001021,0.00673,0.027236,-0.034788,0.022535,-0.003938
2023-08-17 18:41:36.168606,0.024348,-0.006869,0.029164,0.010214,-0.010951,-0.00534,-0.026912,-0.009773
2023-08-18 18:41:36.168606,0.00487,0.045537,0.030253,0.002022,-0.006551,0.021239,-0.007622,0.025728
2023-08-21 18:41:36.168606,0.018157,0.008348,-0.01808,-0.009173,-0.008027,0.010456,-0.017994,-0.018596
2023-08-22 18:41:36.168606,-0.01968,-0.030852,-0.00542,0.023144,0.012463,-0.002658,0.03486,-0.018214
2023-08-23 18:41:36.168606,-0.031164,0.010719,0.013655,0.003619,0.037394,0.026704,0.013172,0.003927
2023-08-24 18:41:36.168606,0.015934,0.026553,-0.030246,-0.002885,0.000791,0.015296,0.057545,0.039082
2023-08-25 18:41:36.168606,-0.010235,-0.017555,-0.00394,0.000362,0.000275,0.016806,-0.008867,0.015167
2023-08-28 18:41:36.168606,-0.02641,-0.008697,0.011399,0.0,-0.01096,-0.007703,-0.01403,0.021333
2023-08-29 18:41:36.168606,-0.017116,0.02959,-0.011933,-0.003073,-0.032064,-0.009649,-0.002475,-0.021614
2023-08-30 18:41:36.168606,-0.022157,0.001239,0.012279,0.009429,-0.008972,-0.033529,0.028117,0.013856
2023-08-31 18:41:36.168606,0.00326,-0.002398,-0.011533,-0.018143,-0.024662,-0.004674,-0.006837,-0.021719
2023-09-01 18:41:36.168606,0.012125,-0.026214,-0.011668,-0.016831,-0.037242,0.019238,0.003037,0.015146
2023-09-04 18:41:36.168606,0.018243,0.021902,0.015333,0.011723,-0.001041,-0.003609,0.002422,-0.030927
2023-09-05 18:41:36.168606,0.018378,-0.003273,0.027865,-0.002391,-0.010347,0.009416,0.001208,-0.006303
2023-09-06 18:41:36.168606,0.01563,-0.042928,-0.013717,0.019912,0.02801,0.022741,-0.01247,-0.040538
2023-09-07 18:41:36.168606,-0.003643,-0.030964,-0.023729,0.008677,-0.016621,0.007934,-0.00224,-0.017212
2023-09-08 18:41:36.168606,-0.012013,-0.010707,-0.000203,-0.010573,0.013931,0.009906,-0.003062,-0.02799
2023-09-11 18:41:36.168606,-0.029681,-0.020965,0.009792,0.011954,0.013511,-0.026669,0.00041,0.013523
2023-09-12 18:41:36.168606,0.022494,-0.017845,-0.01391,0.024521,0.027262,-0.005937,0.019239,0.002394
2023-09-13 18:41:36.168606,-0.003045,0.047416,0.033706,0.009434,-0.003217,0.035016,0.035743,-0.008848
2023-09-14 18:41:36.168606,-0.007712,0.014639,-0.002428,0.013846,0.026881,0.002594,-0.016285,0.002844
2023-09-15 18:41:36.168606,0.024084,-0.051038,-0.014074,-0.003073,0.01175,0.038443,-0.007292,-0.016109
2023-09-18 18:41:36.168606,-0.017432,-0.0058,0.039157,0.020377,0.023262,-0.013984,-0.016081,0.006926
2023-09-19 18:41:36.168606,0.017206,-0.001238,0.025806,-0.011076,0.048398,0.005209,0.004237,-0.001073
2023-09-20 18:41:36.168606,0.00639,-0.029029,-0.014018,0.007297,-0.001974,-0.007183,-0.010247,0.046128
2023-09-21 18:41:36.168606,-0.020244,0.01112,0.021833,0.051887,0.003923,0.012351,0.005278,0.033175
2023-09-22 18:41:36.168606,-0.000991,-0.040296,-0.012609,0.011211,-0.006732,0.018428,0.022617,0.019332
2023-09-25 18:41:36.168606,0.019919,0.02245,0.015852,-0.007919,0.031343,0.012531,-0.049961,0.006322
2023-09-26 18:41:36.168606,0.016462,0.029306,0.036039,-0.007982,0.052574,0.021336,0.010185,0.008903
2023-09-27 18:41:36.168606,0.030403,0.047572,-0.023669,-0.000805,0.015198,0.000242,-0.008642,0.025334
2023-09-28 18:41:36.168606,0.007287,-0.031013,-0.010285,0.017555,-0.03171,-0.003295,0.009755,0.006246
2023-09-29 18:41:36.168606,0.067877,-0.026906,-0.009835,0.003324,-0.017164,-0.034664,-0.017472,0.007518
2023-10-02 18:41:36.168606,-0.017867,0.014367,0.00581,-0.012463,0.023706,0.013245,0.024477,-0.011056
2023-10-03 18:41:36.168606,-0.007507,0.02414,0.009999,-0.01246,-0.022387,0.003927,0.018787,-0.013222
2023-10-04 18:41:36.168606,-0.000681,0.0167,-0.001291,0.003559,-0.011529,-0.000842,0.011826,-0.001649
2023-10-05 18:41:36.168606,-0.027888,0.022072,-0.033126,0.001289,-0.012205,-0.00332,0.016244,-0.051787
2023-10-06 18:41:36.168606,0.021323,0.028041,-0.024136,0.009659,-0.001032,-0.000249,-0.014425,-0.000111
2023-10-09 18:41:36.168606,0.018611,0.00456,-0.017163,0.018814,0.005619,-0.004227,-0.011867,-0.004336
2023-10-10 18:41:36.168606,0.000876,-0.003728,0.011686,0.055086,-0.037283,-0.010038,0.015612,0.018088
2023-10-11 18:41:36.168606,-0.010172,-0.026847,-0.027368,-0.028775,-0.030054,0.005297,-0.014781,0.025005
2023-10-12 18:41:36.168606,-0.0294,-0.005517,-0.017814,0.014203,-0.029576,0.010187,0.029406,0.051928
2023-10-13 18:41:36.168606,-0.015285,-0.002354,-0.02219,0.002409,-0.027181,-0.014902,-0.006024,0.01207
2023-10-16 18:41:36.168606,0.01538,-0.018537,0.007377,-0.036353,0.000838,-0.007513,0.010557,0.003551
2023-10-17 18:41:36.168606,-0.003787,-0.000258,0.023086,0.025565,0.004404,-0.003607,0.042368,-0.010816
2023-10-18 18:41:36.168606,-0.008025,-0.020781,0.003613,0.008816,0.020765,0.000612,-0.013549,-0.020484
2023-10-19 18:41:36.168606,0.010502,0.022801,0.040348,0.016574,0.011573,-0.002089,0.001881,0.018776
2023-10-20 18:41:36.168606,0.023666,0.009003,0.003591,-0.033496,-0.011125,0.013686,0.021596,-3.4e-05
2023-10-23 18:41:36.168606,0.005694,-0.008668,-0.001366,-0.003987,0.005075,-0.032544,0.019485,0.008996
2023-10-24 18:41:36.168606,0.006753,0.004286,-0.015179,-0.020939,0.02161,-0.029004,-0.00595,0.000871
2023-10-25 18:41:36.168606,0.027915,-0.021594,0.004564,0.043718,-0.004044,0.004397,-0.009976,0.001373
2023-10-26 18:41:36.168606,0.004021,-0.019628,-0.016067,0.023354,-0.005726,-0.011586,-0.004031,0.004882
2023-10-27 18:41:36.168606,-0.005646,-0.012102,-0.019074,-0.013104,-0.018394,0.018204,0.029433,0.008952
2023-10-30 18:41:36.168606,0.013931,-0.003423,-0.019649,-0.030285,-0.01561,0.023874,-0.005182,0.019328
2023-10-31 18:41:36.168606,-0.004623,0.003344,-0.003967,0.004462,0.014232,0.005182,0.002156,-0.024139
2023-11-01 18:41:36.168606,-0.006869,0.003423,-0.009503,0.022362,0.000427,-0.020929,-0.008066,0.012202
2023-11-02 18:41:36.168606,0.026019,-0.025855,0.053612,-0.034307,0.039658,0.021587,0.014637,-0.025257
2023-11-03 18:41:36.168606,-0.005393,-0.001106,0.004687,-0.018151,-0.013046,0.004484,0.003562,0.014519
2023-11-06 18:41:36.168606,-0.052608,-0.015869,0.004332,-0.021488,0.015751,-0.029246,-0.019521,0.006924
2023-11-07 18:41:36.168606,0.007427,-0.067685,-0.01055,0.017762,0.008198,-0.027484,-0.018824,-0.001053
2023-11-08 18:41:36.168606,-0.007372,0.062041,0.061829,-0.006822,-0.001287,0.03087,-0.039476,-0.000231
2023-11-09 18:41:36.168606,-0.005314,-0.015527,-0.017999,-0.00607,-0.008209,0.02752,-0.016132,0.003228
2023-11-10 18:41:36.168606,0.00959,-0.01433,-0.008939,0.004018,0.012518,-0.04982,0.016397,0.022328
2023-11-13 18:41:36.168606,-0.00285,-0.026442,0.020441,-0.017128,0.01135,-0.026675,0.026887,0.020556
2023-11-14 18:41:36.168606,0.004831,-0.020645,0.004579,-0.028339,0.004543,0.023301,0.014214,0.01819
2023-11-15 18:41:36.168606,-0.039951,-0.003275,-0.024941,0.027824,0.009011,0.000163,0.011617,-0.026427
2023-11-16 18:41:36.168606,-0.018409,0.027515,0.001039,0.029843,0.001219,0.014527,-0.002005,0.012033
2023-11-17 18:41:36.168606,0.028598,-0.003397,0.014074,0.003959,-0.032321,-0.000748,0.01589,-0.047464
2023-11-20 18:41:36.168606,0.00014,-0.005915,0.010744,0.005678,0.002211,0.013581,0.006293,-0.042122
2023-11-21 18:41:36.168606,-0.032968,0.024508,0.013731,0.025721,-0.004887,0.000633,0.036627,0.023002
2023-11-22 18:41:36.168606,-0.020946,-0.010041,0.044192,0.003517,0.039424,-0.008277,-0.001551,-0.028467
2023-11-23 18:41:36.168606,-0.019329,0.000895,0.005918,-0.007771,0.013157,0.021689,0.027447,-0.003079
2023-11-24 18:41:36.168606,0.002483,-0.017884,0.016461,0.001229,0.004534,0.004527,0.017977,0.028593
2023-11-27 18:41:36.168606,-0.008104,0.034193,-0.047998,0.028374,0.009768,0.013571,0.015184,0.012179
2023-11-28 18:41:36.168606,-0.01271,0.02152,0.037767,0.001491,-0.019954,0.003628,-0.039831,0.007899
2023-11-29 18:41:36.168606,0.000613,-0.002585,0.001834,-0.012807,-0.011695,-0.009216,0.019133,-0.000595
2023-11-30 18:41:36.168606,0.010032,-0.007488,-0.016893,0.00347,-0.006197,0.032686,-0.001994,0.003044
2023-12-01 18:41:36.168606,-0.004701,-0.000193,-0.003365,0.01353,0.008259,0.007564,-0.008324,-0.012008
2023-12-04 18:41:36.168606,-0.01097,-0.002225,0.013745,0.011273,-0.008191,-0.006569,-0.029209,-0.009115
2023-12-05 18:41:36.168606,-0.007933,-0.030447,0.02117,0.011587,-0.009519,0.026053,0.000346,0.002258
2023-12-06 18:41:36.168606,0.007298,0.022202,-0.001398,-0.016094,-0.020862,-0.025924,0.00121,0.005144
2023-12-07 18:41:36.168606,0.000385,-0.004109,0.012538,0.015915,0.000992,0.045219,-0.025552,-0.002676
2023-12-08 18:41:36.168606,0.015795,0.038511,-0.00478,0.001015,0.003827,-0.003046,-0.029057,-0.044203
2023-12-11 18:41:36.168606,-0.022451,0.008892,0.010359,-0.013621,0.009053,-0.024872,0.010219,0.031791
2023-12-12 18:41:36.168606,-0.015053,-0.049883,0.004639,0.015719,-0.013425,0.038627,0.018064,0.019248
2023-12-13 18:41:36.168606,0.015992,-0.025165,0.006499,-0.008533,0.007932,-0.008767,0.004258,-0.003603
2023-12-14 18:41:36.168606,-0.015585,-0.042417,-0.005721,-0.031072,-0.020318,0.005326,0.023498,0.019891
2023-12-15 18:41:36.168606,0.028198,-0.025373,0.008546,-0.019422,-0.003878,0.0149,-0.001208,-0.006698
2023-12-18 18:41:36.168606,0.02865,-0.032216,-0.015986,-0.003224,0.006535,0.024142,-0.000518,0.006875
2023-12-19 18:41:36.168606,0.028299,0.005604,0.004363,0.012169,-0.004662,0.006508,-0.017984,-0.037983
2023-12-20 18:41:36.168606,-0.017092,-0.005796,-0.012174,-0.016892,-0.030739,-0.012434,-0.030639,0.005631
2023-12-21 18:41:36.168606,0.002063,0.015247,-0.019383,-0.004334,-0.02835,0.004853,0.037602,-0.005124
2023-12-22 18:41:36.168606,-0.009412,-0.000221,-0.01363,-0.023787,0.0049,-0.007882,0.023109,0.004878
2023-12-25 18:41:36.168606,0.019002,-0.004307,-0.003649,0.020226,0.012098,0.005511,-0.027379,0.03469
2023-12-26 18:41:36.168606,0.034601,0.040599,-0.010086,0.034811,0.00728,0.033067,0.003695,0.000131
2023-12-27 18:41:36.168606,0.017954,0.004904,0.00843,0.032584,0.012586,0.015606,-0.001578,-0.008627
2023-12-28 18:41:36.168606,0.000692,-0.001061,0.002105,0.019869,-0.005114,0.004614,-0.004916,-0.008437
2023-12-29 18:41:36.168606,-0.006774,-0.016566,0.020826,0.017762,0.015278,0.015296,-0.007763,-0.027829
2024-01-01 18:41:36.168606,0.013431,-0.023,-0.001235,-0.040957,0.007207,0.016687,0.008179,0.008581
2024-01-02 18:41:36.168606,-0.023896,0.015805,0.004121,0.004109,-0.012287,-0.021073,0.016931,0.011196
2024-01-03 18:41:36.168606,0.011185,0.014797,0.037812,-0.0095,0.010779,0.001372,0.008498,0.001817
2024-01-04 18:41:36.168606,-0.01781,0.03195,-0.008247,0.01815,0.006433,0.05173,-0.001892,0.018879
2024-01-05 18:41:36.168606,0.012962,0.010078,-0.00524,-0.05029,0.033941,0.024756,-0.002757,0.01909
2024-01-08 18:41:36.168606,-0.002727,-0.007406,0.024621,0.004425,0.02809,-0.009576,0.01935,0.001909
2024-01-09 18:41:36.168606,-0.007292,0.010674,-0.018664,-0.003798,-0.00134,-0.011554,0.009661,0.012206
2024-01-10 18:41:36.168606,-0.017234,-0.001025,0.026821,0.022876,-0.007854,-0.012216,0.002014,0.043961
2024-01-11 18:41:36.168606,-0.006612,0.017756,-0.00427,0.03146,0.031665,0.017791,-0.000168,-0.015952
2024-01-12 18:41:36.168606,0.011648,0.027229,-0.016151,-0.018069,0.011542,0.032659,0.007373,0.015962
2024-01-15 18:41:36.168606,0.021383,-0.002945,0.018624,-0.017224,-0.002971,0.012158,-0.008816,0.002231
2024-01-16 18:41:36.168606,0.010993,0.035644,-0.004557,0.005093,-0.039278,0.003631,0.016949,0.02141
2024-01-17 18:41:36.168606,0.027772,0.024339,0.037014,0.035171,-0.014618,-0.008389,-0.021122,-0.015347
2024-01-18 18:41:36.168606,0.05128,0.000835,0.0021,0.001728,-0.016007,0.007102,-0.007755,0.004488
2024-01-19 18:41:36.168606,-0.005961,0.013911,0.001988,-0.025151,-0.002416,-0.015915,0.012742,-0.013072
2024-01-22 18:41:36.168606,-0.003611,0.006586,-0.011206,-0.011499,0.012861,-0.038219,-0.022144,-0.03484
2024-01-23 18:41:36.168606,-0.028346,0.001,-0.00244,0.004474,0.015931,0.033264,-0.03088,0.028587
2024-01-24 18:41:36.168606,0.024377,0.038762,-0.004946,0.005345,0.030501,-0.019623,0.00177,-0.008196
2024-01-25 18:41:36.168606,0.026463,0.010836,0.02715,-0.013587,0.01911,-0.005989,-0.033575,-0.016341
2024-01-26 18:41:36.168606,-0.016849,-0.01634,0.006276,-0.011978,-0.025507,0.013627,-0.025416,-0.011054
2024-01-29 18:41:36.168606,0.012886,-0.020039,0.014587,-0.019245,0.021122,0.029161,0.015572,0.036981
2024-01-30 18:41:36.168606,0.024808,-0.019283,0.0025,0.023331,0.035151,0.005659,-0.00351,0.026732
2024-01-31 18:41:36.168606,0.005028,0.010334,-0.007742,-0.016156,0.034172,-0.023357,0.02614,-0.003869
2024-02-01 18:41:36.168606,0.017478,-0.006336,0.007907,-0.008748,-0.023738,-0.005525,-0.023487,0.017736
2024-02-02 18:41:36.168606,0.003945,0.007105,0.032317,-0.009444,-0.003339,-0.013096,-0.00148,-0.021007
2024-02-05 18:41:36.168606,-0.023821,0.019266,-0.020434,-0.031572,0.019736,-0.000241,0.008523,0.01097
2024-02-06 18:41:36.168606,0.021491,0.041086,0.008889,-0.016785,-0.02267,0.025138,-0.022965,-0.008131
2024-02-07 18:41:36.168606,0.026981,-0.005881,0.030403,0.025115,-0.034014,-0.050259,0.021249,0.009222
2024-02-08 18:41:36.168606,0.015232,-0.027694,-0.015766,-0.023699,0.00677,-0.007725,0.010679,-0.026966
2024-02-09 18:41:36.168606,-0.018609,0.03642,0.018931,-0.018862,-0.013009,-0.009201,-0.0317,-0.011417
2024-02-12 18:41:36.168606,-0.014518,-0.028674,0.018974,-0.026078,-0.032125,-0.024623,-0.000188,0.00416
2024-02-13 18:41:36.168606,-0.022127,-0.029432,-0.025392,-0.001373,0.025099,0.012191,0.008092,0.003926
2024-02-14 18:41:36.168606,0.015926,0.03583,0.022679,0.038329,0.003787,-0.027792,-0.0112,-0.028763
2024-02-15 18:41:36.168606,0.025844,0.021783,-0.011355,-0.002152,-0.00991,-0.025478,-0.029073,-0.01893
2024-02-16 18:41:36.168606,0.009027,0.010233,0.007657,0.001825,-0.018792,0.017519,0.006028,0.008953
2024-02-19 18:41:36.168606,0.019296,-0.000506,0.020994,-0.0154,0.004015,0.030506,0.044646,0.006631
2024-02-20 18:41:36.168606,-0.016866,-0.004307,0.024522,-0.000841,0.010783,-0.001028,-0.007216,0.013588
2024-02-21 18:41:36.168606,0.003443,-0.012468,-0.030221,0.02508,0.007036,-0.023844,0.031867,0.004333
2024-02-22 18:41:36.168606,-0.026923,-0.005153,0.036253,0.003448,-0.029881,-0.013619,-0.014448,-0.020569
2024-02-23 18:41:36.168606,-0.01494,-0.000432,0.028868,0.043037,0.010024,0.020666,0.004765,-0.006575
2024-02-26 18:41:36.168606,0.018078,-0.027034,0.021528,0.02573,0.014393,0.002836,0.015867,0.011116
2024-02-27 18:41:36.168606,-0.00429,-0.01589,0.007715,-0.001224,-0.006349,-0.001523,0.000359,-0.019541
2024-02-28 18:41:36.168606,0.024716,-0.041764,-0.008181,-0.001531,0.021289,0.006755,-0.005384,-0.022005
2024-02-29 18:41:36.168606,0.011213,0.002071,-0.021173,0.032975,-0.016536,-0.00026,0.014977,-0.005567
2024-03-01 18:41:36.168606,0.055212,0.002067,-0.031996,0.003267,0.026292,0.031435,0.0384,0.005931
2024-03-04 18:41:36.168606,0.002353,0.036093,0.013408,0.028711,0.003163,-0.014483,0.006506,-0.036372
2024-03-05 18:41:36.168606,-0.027629,0.007962,0.021545,0.04057,-0.009427,-0.016783,-0.009866,-0.004331
2024-03-06 18:41:36.168606,-0.000168,-0.010592,-0.001214,-0.003595,-0.005856,-0.027164,-0.003264,0.010876
2024-03-07 18:41:36.168606,-0.018759,-0.003538,-0.008735,0.007493,0.020458,-0.010287,0.050845,0.014789
2024-03-08 18:41:36.168606,0.020033,0.010289,0.001908,0.020107,0.005271,-0.021373,0.00328,-0.019588
2024-03-11 18:41:36.168606,0.001347,0.005047,-0.012286,0.015931,0.013389,0.004874,-0.011444,0.007964
2024-03-12 18:41:36.168606,-0.002242,0.012016,0.000918,0.015681,0.021989,0.000915,-0.02249,0.020366
2024-03-13 18:41:36.168606,-0.001966,0.008063,-0.013436,-0.026168,-0.010005,-0.021074,-0.035865,0.012617
2024-03-14 18:41:36.168606,0.015307,-0.004571,0.012736,-0.016526,0.003044,0.012282,0.007721,-0.007713
2024-03-15 18:41:36.168606,-0.008591,-0.010155,0.025381,-0.00929,-0.004006,0.030816,0.013582,-0.047203
2024-03-18 18:41:36.168606,0.016045,-0.011329,0.010653,0.024683,0.02084,0.007653,-0.007387,0.004672
2024-03-19 18:41:36.168606,0.021404,-0.017955,-0.001107,-0.024223,-0.007133,-0.050364,0.000173,0.032064
2024-03-20 18:41:36.168606,-0.006303,-0.021224,0.020262,0.03103,0.001443,0.040268,-0.023014,0.01698
2024-03-21 18:41:36.168606,-0.018053,0.037266,0.000913,0.016051,0.046407,0.015421,0.003188,0.015605
2024-03-22 18:41:36.168606,-0.009717,0.003077,0.019625,0.023565,0.026219,0.039626,0.01024,0.003874
2024-03-25 18:41:36.168606,0.014662,-0.002616,-0.012221,-0.018006,-0.02021,0.022316,-0.010311,0.018419
2024-03-26 18:41:36.168606,0.002363,-0.009408,-0.009613,0.001965,0.018544,0.026328,0.034434,0.006559
2024-03-27 18:41:36.168606,0.013101,0.00904,-0.019283,0.006405,0.014285,0.004587,-0.016388,-0.034418
2024-03-28 18:41:36.168606,0.035765,0.024525,-0.008832,0.005585,-0.021513,-0.004727,0.006248,0.018347
2024-03-29 18:41:36.168606,0.005119,0.015016,0.02015,0.006458,-0.001722,0.007957,0.01742,-0.016729
2024-04-01 18:41:36.168606,-0.015696,0.018884,-0.016943,-0.005005,-0.018433,-0.013653,-0.001017,0.001832
2024-04-02 18:41:36.168606,0.021648,-0.011189,-0.045588,0.003225,-0.047352,0.009147,-0.003224,0.015285
2024-04-03 18:41:36.168606,0.00155,0.000432,-0.007813,0.021085,-0.002419,-0.052035,-0.02809,-0.014476
2024-04-04 18:41:36.168606,0.017958,-0.010965,-0.022963,-0.02279,-0.009638,0.001366,0.027676,-0.019192
2024-04-05 18:41:36.168606,0.021798,0.002619,-0.009604,0.031439,-0.021514,0.027408,-0.002898,0.010017
2024-04-08 18:41:36.168606,-0.018654,0.025947,0.042637,0.020112,0.000313,0.002365,0.011111,-0.021746
2024-04-09 18:41:36.168606,0.028108,0.009335,-0.017245,-0.018736,-0.041927,0.035058,0.014032,-0.003368
2024-04-10 18:41:36.168606,0.018636,0.032961,0.013173,0.008112,0.001338,-0.004759,-0.012004,0.023082
2024-04-11 18:41:36.168606,-0.011585,-0.00521,-0.001126,0.018569,0.000815,0.020532,-0.003544,0.033
2024-04-12 18:41:36.168606,0.006593,-0.015629,0.007941,-0.024186,0.014068,-0.017048,0.027265,-0.035111
2024-04-15 18:41:36.168606,0.005628,0.010723,-0.00965,0.001245,-0.031566,0.019747,-0.021925,-0.003878
2024-04-16 18:41:36.168606,0.000965,0.002879,0.023725,-0.000995,0.043272,0.005146,0.043148,0.025884
2024-04-17 18:41:36.168606,0.01793,0.006971,0.009013,-0.012452,0.035629,-0.003908,-0.01438,-0.007459
2024-04-18 18:41:36.168606,0.029263,0.003909,0.009616,0.002396,-0.014977,-0.050961,-0.023115,0.016337
2024-04-19 18:41:36.168606,0.000644,-0.009167,0.002437,-0.011572,0.029723,-0.004588,0.003188,0.017843
2024-04-22 18:41:36.168606,0.027125,0.004421,0.025621,0.027997,0.01764,0.004734,0.044664,-0.011718
2024-04-23 18:41:36.168606,0.020277,0.019971,0.011722,-0.012008,-0.008295,0.017112,-0.03779,0.009077
2024-04-24 18:41:36.168606,0.005133,0.021977,0.007898,0.016289,-0.011633,0.031697,-0.00233,0.010294
2024-04-25 18:41:36.168606,0.004016,-0.009227,0.013562,-0.032548,-0.010132,0.041201,0.010008,0.018716
2024-04-26 18:41:36.168606,-0.022562,0.005051,-0.034705,-0.002804,0.05703,0.025422,0.001156,-0.032005
2024-04-29 18:41:36.168606,-0.029488,0.030077,0.004269,0.000767,0.027687,-0.010736,0.008248,0.026355
2024-04-30 18:41:36.168606,0.003804,-0.008843,-0.000789,-0.00332,-0.003555,-0.005594,-0.013907,0.014218
2024-05-01 18:41:36.168606,-0.016618,-0.012537,0.0239,-0.007431,-0.001812,0.015263,-0.011448,-0.022081
2024-05-02 18:41:36.168606,-0.000325,0.016436,-0.013534,-0.012908,0.017443,0.010897,-0.002518,-0.002061
2024-05-03 18:41:36.168606,-0.01017,0.012875,0.004515,0.015562,0.016558,0.033069,-0.022043,0.017244
2024-05-06 18:41:36.168606,-0.035282,-0.016267,0.038987,0.020603,-0.01862,0.050085,-0.000516,-0.021043
2024-05-07 18:41:36.168606,0.007635,-0.027457,0.0,-0.001136,0.006455,0.045843,-0.00723,-0.017976
2024-05-08 18:41:36.168606,-0.007771,0.004745,-0.026125,-0.021473,-0.01055,0.030404,-0.008843,0.000864
2024-05-09 18:41:36.168606,0.002092,-0.007871,0.043998,0.036401,0.003535,0.011034,0.006823,-0.008217
2024-05-10 18:41:36.168606,-0.017378,-0.033241,-0.01383,-0.017188,-0.000475,0.027484,-0.035795,0.005513
2024-05-13 18:41:36.168606,-0.006175,-0.013212,-0.020289,-0.02864,0.020868,0.03373,-0.004145,0.016961
2024-05-14 18:41:36.168606,0.031713,0.012557,-0.019523,-0.039791,-0.004878,-0.002445,0.046869,0.005927
2024-05-15 18:41:36.168606,0.003083,-0.002546,0.015074,0.002582,0.002864,-0.010154,-0.021262,0.000313
2024-05-16 18:41:36.168606,0.011479,0.031865,0.026424,-0.00393,-0.03704,-0.014827,0.026139,0.017044
2024-05-17 18:41:36.168606,-0.02493,-0.041254,0.035735,0.021088,0.006957,-0.017025,0.001721,-0.001602
2024-05-20 18:41:36.168606,0.04831,0.027216,0.000801,0.012791,-0.015064,-0.027152,-0.011684,-0.01441
2024-05-21 18:41:36.168606,0.03735,-0.00632,-0.019237,0.006315,-0.029842,0.005507,-0.025904,0.023605
2024-05-22 18:41:36.168606,0.027765,-0.009295,-0.010888,-0.004968,0.023085,-0.019511,0.003391,-0.047865
2024-05-23 18:41:36.168606,0.017081,-0.030535,0.001154,0.02273,-0.000348,-0.01517,0.029527,0.001767
2024-05-24 18:41:36.168606,0.000814,0.009848,8.2e-05,0.037898,-0.041029,0.014534,-0.007256,-0.006766
2024-05-27 18:41:36.168606,0.009332,-0.036066,0.026682,0.020671,-0.015168,0.004129,-0.001218,-0.01795
2024-05-28 18:41:36.168606,0.02146,0.016832,-0.025868,-0.008853,0.000583,0.00911,0.020735,0.006476
2024-05-29 18:41:36.168606,-0.012082,-0.029762,-0.021821,0.016151,0.001196,0.027774,0.00734,0.009668
2024-05-30 18:41:36.168606,-0.008363,-0.026609,-0.005682,-0.007465,-0.009494,0.017812,-0.031012,-0.016078
2024-05-31 18:41:36.168606,-0.032888,-0.02334,0.007873,-0.021715,-0.066786,0.030866,0.002623,-0.027421
2024-06-03 18:41:36.168606,-0.014944,-0.013762,-0.008358,-0.017361,-0.010536,0.002093,0.030699,-0.025625
2024-06-04 18:41:36.168606,0.033722,0.019329,-0.009953,-0.006689,0.021899,0.032751,-0.000338,0.036776
2024-06-05 18:41:36.168606,-0.006197,0.030524,0.023956,0.002541,0.028573,0.007696,-0.054173,0.038985
2024-06-06 18:41:36.168606,-0.005846,-0.011758,0.009943,0.041693,-0.01166,0.003875,0.008233,0.001095
2024-06-07 18:41:36.168606,0.006839,-0.000363,-0.019194,-0.017153,0.038164,0.029711,-0.003551,-0.026929
2024-06-10 18:41:36.168606,-0.031712,0.010267,-0.009701,0.026984,-0.031855,-0.016935,-0.035988,-0.002414
2024-06-11 18:41:36.168606,0.019391,-0.006116,0.01086,-0.005785,-0.015682,0.040981,-0.033081,-0.043517
2024-06-12 18:41:36.168606,0.025816,0.009501,-0.024731,-0.039884,0.01831,-0.005138,0.019878,0.006792
2024-06-13 18:41:36.168606,0.008076,0.000448,0.010714,-0.009596,0.015198,-0.023864,-0.014055,-0.019377
2024-06-14 18:41:36.168606,0.033527,-0.004569,-0.006369,0.024095,0.000315,0.013567,-0.017677,-0.023726
2024-06-17 18:41:36.168606,-0.026042,-0.027903,0.007743,0.007345,-0.021897,-0.007041,-0.000193,0.02006
2024-06-18 18:41:36.168606,0.037349,0.003519,0.002903,0.008527,-0.021936,0.041007,-0.012386,-0.002573
2024-06-19 18:41:36.168606,-0.014085,0.019653,-0.021834,0.02708,-0.013997,-0.008158,0.002548,0.017809
2024-06-20 18:41:36.168606,-0.025114,-0.015112,-0.01227,-0.020162,-0.021076,0.006789,-0.003714,0.024648
2024-06-21 18:41:36.168606,-0.004265,-0.038864,0.029471,-0.020577,0.003105,-0.02801,-0.023347,-0.001287
2024-06-24 18:41:36.168606,0.037959,-0.005831,0.047927,-0.044754,-0.001327,0.016757,-0.009843,0.000373
2024-06-25 18:41:36.168606,0.000123,0.030673,-0.034464,0.01809,-0.022752,-0.015037,0.009333,0.02167
2024-06-26 18:41:36.168606,-0.018181,0.024722,0.021358,0.01176,-0.006587,0.014361,0.001407,-0.010257
2024-06-27 18:41:36.168606,-0.025384,-0.011107,0.006418,0.014908,-0.052486,-0.008064,-0.001204,0.023576
2024-06-28 18:41:36.168606,-0.001622,0.009667,0.042172,-0.023154,0.007294,-0.040462,0.039389,-0.039972
2024-07-01 18:41:36.168606,-0.039388,0.012766,-0.010699,-0.031604,0.014814,0.003146,0.015081,-0.006587
2024-07-02 18:41:36.168606,-0.02551,0.030251,0.018476,-0.025924,-0.017713,0.002228,0.017524,0.00426
2024-07-03 18:41:36.168606,0.031386,-0.030499,-0.005564,-0.017833,-0.01523,0.018116,-0.002808,-0.023604
2024-07-04 18:41:36.168606,0.026976,-0.020912,0.026162,0.031499,0.005654,0.031625,0.004881,0.007883
2024-07-05 18:41:36.168606,-0.00207,-0.03968,0.046729,0.020536,0.002606,0.038731,-0.008033,0.003963
2024-07-08 18:41:36.168606,-0.008817,-0.013038,0.004732,-0.008624,0.01597,0.017788,0.016008,-0.014162
2024-07-09 18:41:36.168606,0.001657,0.021855,-0.022271,0.006458,-0.015024,0.006081,-0.001668,-0.014892
2024-07-10 18:41:36.168606,0.047451,-0.010741,0.02879,-0.013096,-0.01273,-0.02806,0.004827,-0.016971
2024-07-11 18:41:36.168606,0.008603,-0.025656,0.011796,0.007829,-0.003909,0.00455,0.003695,-0.030828
2024-07-12 18:41:36.168606,0.018708,0.00503,0.008071,-0.022251,-0.020832,0.004807,0.000184,0.032707
2024-07-15 18:41:36.168606,-0.00356,0.005593,0.03217,0.015486,-0.004317,-0.003481,0.059267,-0.003696
2024-07-16 18:41:36.168606,0.001705,-0.019906,-0.022272,-0.016576,-0.020516,0.013169,-0.012858,-0.026551
2024-07-17 18:41:36.168606,0.013454,-0.009558,-0.013823,0.016721,0.008852,0.022921,-0.013026,-0.001943
2024-07-18 18:41:36.168606,0.003039,0.003518,0.012407,-0.00809,-0.018215,-0.01586,0.014446,0.005279
2024-07-19 18:41:36.168606,-0.037474,0.015426,-0.014269,-0.015376,0.005586,-0.016189,-0.011428,-0.015864
2024-07-22 18:41:36.168606,0.026135,-0.012528,-0.00584,0.032863,0.0296,-0.002279,-0.005335,-0.006773
2024-07-23 18:41:36.168606,-0.011826,-0.015385,0.025985,0.003944,0.009095,-0.011799,-0.021277,0.026554
2024-07-24 18:41:36.168606,0.042725,0.038758,0.009168,-0.005893,0.00401,-0.032338,0.010413,-0.022861
2024-07-25 18:41:36.168606,0.014259,-0.004981,-0.023078,0.015676,-0.026778,-0.019427,0.010486,-0.011128
2024-07-26 18:41:36.168606,0.001931,0.005497,0.008658,-0.026329,0.028297,-0.024149,-0.005726,-0.039599
2024-07-29 18:41:36.168606,0.009251,0.013473,0.025292,0.022646,0.022805,0.024664,0.014756,0.036953
2024-07-30 18:41:36.168606,-0.001642,-0.035257,0.003928,-0.002214,-0.002638,0.034566,-0.036709,0.013691
2024-07-31 18:41:36.168606,-0.009258,0.0002,0.017948,0.012402,-0.007191,-0.021403,-0.013623,-0.000495
2024-08-01 18:41:36.168606,0.004672,-0.032445,-0.009844,-0.030432,-0.015762,0.011425,-0.0028,-0.013856
2024-08-02 18:41:36.168606,0.01818,-0.002167,0.005686,-0.007182,0.0363,0.017963,-0.023021,-0.014861
2024-08-05 18:41:36.168606,-0.008758,0.028022,-0.031046,0.00067,0.016153,-0.029359,-0.034483,-0.004898
2024-08-06 18:41:36.168606,-0.011958,-0.019513,0.013103,0.021151,-0.014665,0.003731,-0.005556,0.010434
2024-08-07 18:41:36.168606,-0.006629,-0.032827,0.007725,0.014027,0.02249,0.051173,0.014366,-0.02077
2024-08-08 18:41:36.168606,0.019555,0.03829,-0.025326,-0.007369,0.027279,0.014045,0.026161,-0.008755
2024-08-09 18:41:36.168606,0.02957,-0.022474,0.030935,0.006903,7e-05,-0.004403,-0.010542,0.017624
2024-08-12 18:41:36.168606,0.007725,-0.02947,0.011921,0.025611,-0.006367,-0.010707,0.015304,0.032665
2024-08-13 18:41:36.168606,0.012141,0.032949,-0.013363,-0.003531,-0.019364,-0.039953,0.013165,0.011384
2024-08-14 18:41:36.168606,-0.012104,-0.023246,0.013612,-0.005569,0.014648,0.009913,0.024859,-0.012729
2024-08-15 18:41:36.168606,0.018048,0.033404,-0.019184,-0.037292,-0.008032,0.039446,-0.006431,-0.002602
2024-08-16 18:41:36.168606,0.011531,0.00599,-0.016402,-0.005156,-0.008882,-0.015773,-0.03551,0.008746
2024-08-19 18:41:36.168606,-0.013715,0.026178,-0.019083,-0.034286,0.000252,-0.038203,0.001918,-0.005324
2024-08-20 18:41:36.168606,-0.035251,0.004202,-0.019668,-0.001789,-0.015832,-0.012793,-0.019904,0.014719
2024-08-21 18:41:36.168606,-0.023923,0.022116,0.009251,0.020265,0.03104,0.018131,-0.013864,-0.014091
2024-08-22 18:41:36.168606,-0.012887,-0.017934,0.002372,-0.041886,0.019857,-0.008066,-0.005545,0.03275
2024-08-23 18:41:36.168606,0.023741,-0.011711,0.015456,0.025243,0.002051,-0.015894,-0.006372,-0.001258
2024-08-26 18:41:36.168606,0.031579,-0.041876,-0.055869,-0.00619,-0.016516,0.000858,0.003407,-0.012115
2024-08-27 18:41:36.168606,-0.008315,0.020019,-0.007331,0.0,-0.015453,0.00512,0.01458,0.012339
2024-08-28 18:41:36.168606,-0.007643,0.008837,-0.007046,-0.00955,-0.016341,-0.027281,-0.00689,-0.019079
2024-08-29 18:41:36.168606,0.00572,-0.019658,0.001556,-0.033818,-0.024117,-0.003838,0.008523,0.003437
2024-08-30 18:41:36.168606,0.000743,-0.034494,0.001023,-0.015187,0.006981,-0.00944,0.000786,0.028529
2024-09-02 18:41:36.168606,0.019131,0.006134,0.005072,0.042444,-0.012345,-0.012336,0.019049,-0.023823
2024-09-03 18:41:36.168606,-0.009951,0.034011,0.00226,-0.021414,-0.013512,-0.019832,-0.003276,0.024329
2024-09-04 18:41:36.168606,0.019476,-0.002172,-0.00868,-0.031241,-0.01579,0.019315,-0.000967,-0.025325
2024-09-05 18:41:36.168606,-0.004297,-0.01275,-0.007467,0.003418,0.020605,-0.012389,-0.006967,0.016934
2024-09-06 18:41:36.168606,0.01759,-0.018165,-0.000573,-0.001333,-0.014697,-0.0394,-0.002729,-0.018461
2024-09-09 18:41:36.168606,-0.004919,0.025452,0.010585,-0.005932,0.025873,0.005787,-0.015243,0.024338
2024-09-10 18:41:36.168606,-0.011784,-0.015121,0.002231,0.000746,-0.005246,0.01502,-0.017067,-0.011017
2024-09-11 18:41:36.168606,0.038746,-0.006883,-0.015204,0.013417,-0.024411,-0.015437,0.01595,-0.006609
2024-09-12 18:41:36.168606,0.021808,0.021324,-0.016282,-0.01118,0.009885,-0.010689,-0.021264,-0.018278
2024-09-13 18:41:36.168606,-0.035344,0.013258,0.01071,0.004314,0.018277,-0.012476,-0.005888,-0.047746
2024-09-16 18:41:36.168606,-0.008425,-0.006182,0.015644,0.021034,-0.016672,-0.006438,0.020833,-0.022351
2024-09-17 18:41:36.168606,0.024597,-0.013477,0.021928,-0.01944,0.001757,0.022632,-0.006403,-0.033168
2024-09-18 18:41:36.168606,-0.023415,0.029844,-0.009318,-0.045865,0.006862,-0.001785,0.016915,-0.040355
2024-09-19 18:41:36.168606,0.015913,-0.021837,-0.037061,0.013801,0.002423,0.017313,-0.011287,0.006392
2024-09-20 18:41:36.168606,0.013837,-0.003755,0.008133,0.050627,-0.008649,-0.018893,-0.020429,0.03101
2024-09-23 18:41:36.168606,-0.01351,-0.029529,-0.013819,0.000291,0.018135,-0.007165,-0.031486,0.036408
2024-09-24 18:41:36.168606,0.000351,0.024277,-0.001566,0.004657,-0.004528,0.019577,0.02681,-0.02275
2024-09-25 18:41:36.168606,-0.041316,-0.009059,0.00345,-0.005505,-0.011615,-0.015602,-0.022204,-0.001678
2024-09-26 18:41:36.168606,0.03592,-0.013501,0.011603,0.032338,-0.034799,0.020733,0.015349,0.023781
2024-09-27 18:41:36.168606,-0.005691,0.013793,0.018345,-0.001129,-0.034635,-0.012064,-0.019466,-0.025732
2024-09-30 18:41:36.168606,0.016565,-0.028061,0.023893,-0.003249,0.004816,-0.005942,0.026822,0.0246
2024-10-01 18:41:36.168606,0.012799,0.013233,0.026891,0.018707,-0.001016,0.033924,0.044632,0.024873
2024-10-02 18:41:36.168606,0.027656,-0.006692,0.002561,-0.009182,0.018257,-0.008239,-0.033274,-0.038429
2024-10-03 18:41:36.168606,-0.008164,-0.023579,-0.033243,-0.025133,0.023081,0.00341,-0.021181,-0.046598
2024-10-04 18:41:36.168606,0.004573,-0.019363,-0.011723,0.018148,-0.004411,0.01284,0.016022,-0.007526
2024-10-07 18:41:36.168606,0.011667,-0.013164,0.028694,-0.011317,0.019485,0.005019,0.010854,0.019266
2024-10-08 18:41:36.168606,0.017965,-0.008395,0.003478,-0.01903,-0.010729,0.005622,0.016005,-0.029889
2024-10-09 18:41:36.168606,0.023575,-0.023426,0.044067,0.042445,-0.002488,-0.000653,-0.010967,-0.040262
2024-10-10 18:41:36.168606,-0.009053,0.006294,-0.007093,-0.003078,-0.003079,-0.025529,0.040121,0.001765
2024-10-11 18:41:36.168606,-0.012783,-0.023956,0.046766,0.010386,0.032093,0.00746,0.002908,0.013171
2024-10-14 18:41:36.168606,0.027729,-0.04679,0.000471,0.001111,-0.025073,-0.014144,-0.023773,-0.013091
2024-10-15 18:41:36.168606,-0.040248,0.03894,-0.007896,-0.017205,0.00167,0.01602,-0.004554,-0.011456
2024-10-16 18:41:36.168606,0.031891,0.004395,-0.013751,0.014259,-0.013419,0.027925,-0.023667,0.012996
2024-10-17 18:41:36.168606,-0.005558,0.04072,0.013702,0.006821,-0.005504,-0.035594,0.032389,-0.016905
2024-10-18 18:41:36.168606,0.00042,-0.020439,-0.027745,-0.012719,-0.006325,0.027965,-0.012826,-0.015359
2024-10-21 18:41:36.168606,-0.013143,0.010135,-0.010523,0.009242,0.001949,-0.007736,0.010394,0.006029
2024-10-22 18:41:36.168606,-0.000458,0.018414,-0.000528,-0.009852,0.027435,-0.002113,-0.008902,0.008275
2024-10-23 18:41:36.168606,0.025928,-0.003245,-0.044675,-0.021581,0.038527,-0.017744,-0.011776,-0.003962
2024-10-24 18:41:36.168606,0.015891,-0.028488,-0.001438,-0.023632,0.013656,0.004283,-0.03777,0.030167
2024-10-25 18:41:36.168606,0.010366,-0.004788,0.034902,0.005868,-0.019088,0.001828,0.012594,0.015492
2024-10-28 18:41:36.168606,0.002269,0.013109,0.009136,-0.007146,-0.002994,0.022038,0.026327,-0.006519
2024-10-29 18:41:36.168606,-0.028413,0.012227,-0.01266,0.030552,0.005705,-0.014337,-0.017774,-0.025289
2024-10-30 18:41:36.168606,-0.016378,0.000469,-0.009062,-0.000285,-0.007651,0.033719,-0.030434,0.020336
2024-10-31 18:41:36.168606,-0.006362,0.018403,0.007265,-0.015255,-0.00504,0.013793,0.016543,0.02103
2024-11-01 18:41:36.168606,0.009669,0.017495,-0.009725,0.00362,-0.000907,0.002332,-0.032339,-0.001481
2024-11-04 18:41:36.168606,0.001876,-0.009955,0.009857,-0.025389,0.015928,-0.00312,0.025011,0.006022
2024-11-05 18:41:36.168606,0.020182,-0.029822,-0.010263,-0.001184,0.011135,-0.005628,-0.017669,0.014518
2024-11-06 18:41:36.168606,0.009971,0.00424,-0.019977,0.006965,-0.011712,-0.004334,-0.021627,0.032583
2024-11-07 18:41:36.168606,0.001567,-0.014425,0.02412,0.004415,0.012336,0.003882,0.005472,0.018208
2024-11-08 18:41:36.168606,0.046029,0.003332,0.014666,0.02652,0.03501,-0.003701,-0.020244,0.009423
2024-11-11 18:41:36.168606,0.008615,0.027514,-0.037274,0.052526,-0.029771,-0.012309,-0.013553,0.019085
2024-11-12 18:41:36.168606,-0.008126,0.009234,-0.006213,0.013832,-0.008248,0.003986,0.007432,0.023531
2024-11-13 18:41:36.168606,0.037706,0.026418,0.021359,0.024077,-0.009759,-0.016215,-0.048066,0.005927
2024-11-14 18:41:36.168606,0.024493,-0.019721,-0.002842,0.051463,0.00209,0.006962,0.033349,0.018822
2024-11-15 18:41:36.168606,0.036817,0.022164,-0.011107,-0.019627,-0.035984,-0.003979,0.001364,-0.013002
2024-11-18 18:41:36.168606,-0.001709,0.034026,-0.004544,0.003041,0.027745,0.01445,-0.025193,0.021195
2024-11-19 18:41:36.168606,0.020027,0.001828,0.002709,-0.009096,0.001429,0.020278,-0.020023,-0.012861
2024-11-20 18:41:36.168606,-0.028558,0.046909,-0.003109,0.017466,0.006458,0.020258,0.020432,-0.01966
2024-11-21 18:41:36.168606,0.01618,-0.01661,-0.001151,0.005889,0.004141,0.006869,0.012573,-0.002069
2024-11-22 18:41:36.168606,-0.002645,-0.012303,-0.002491,-0.01582,-0.009808,0.009194,0.028052,-0.026356
2024-11-25 18:41:36.168606,-0.026598,0.013512,-0.018968,0.000633,0.014444,-0.005941,-0.012972,-0.011426
2024-11-26 18:41:36.168606,0.021154,0.001562,-0.020019,0.021503,0.000629,0.014052,0.006345,0.008078
2024-11-27 18:41:36.168606,-0.035715,-0.014351,-0.021281,-0.025632,-0.041211,0.016294,0.009007,0.006041
2024-11-28 18:41:36.168606,-0.037744,0.012872,0.002337,-0.015377,-0.001658,-0.030828,0.014506,0.013316
2024-11-29 18:41:36.168606,0.007745,0.007708,0.012131,-0.018456,-0.005058,0.008059,0.022877,0.013584
2024-12-02 18:41:36.168606,0.011907,-0.011267,-0.01831,0.006969,0.014437,0.027861,-0.013763,0.007994
2024-12-03 18:41:36.168606,0.019937,0.004286,-0.029508,0.025333,0.054554,-0.006622,-0.001744,-0.016531
2024-12-04 18:41:36.168606,0.015316,0.015719,-0.016923,-0.039735,0.008054,-0.011007,-0.011796,0.018975
2024-12-05 18:41:36.168606,0.030032,-0.011684,0.028552,0.002387,0.042862,-0.00789,-0.000442,-0.001693
2024-12-06 18:41:36.168606,0.014511,0.010785,-0.005755,-0.017994,-0.013217,-0.0296,0.014374,0.005285
2024-12-09 18:41:36.168606,-0.002127,-0.016826,-0.003791,0.020614,-0.011925,0.003039,-0.032483,0.002589
2024-12-10 18:41:36.168606,-0.000986,-0.01294,-0.015466,-0.004224,-0.004424,0.001082,0.022533,0.032007
2024-12-11 18:41:36.168606,-0.005147,0.02273,0.011927,0.003182,0.008994,0.004459,-0.022257,-0.023431
2024-12-12 18:41:36.168606,0.006407,0.012714,-0.00193,0.000396,-0.012332,0.008798,-0.005634,-0.006328
2024-12-13 18:41:36.168606,-0.021442,-0.037256,-0.014031,0.022985,-0.031714,-0.015443,0.025385,0.011096
2024-12-16 18:41:36.168606,0.007322,-0.006891,-0.020157,0.041451,0.000958,0.00596,0.007073,0.000966
2024-12-17 18:41:36.168606,-0.001243,0.010249,0.008092,-0.022195,-0.022378,0.009371,0.007243,-0.009227
2024-12-18 18:41:36.168606,0.006033,0.003276,0.005746,-0.018514,0.022815,-0.009284,-0.023099,-0.037835
2024-12-19 18:41:36.168606,0.006078,0.01285,-0.024239,0.006977,0.013399,0.008914,-0.020299,-0.005265
2024-12-20 18:41:36.168606,-0.04857,0.002808,0.025056,-0.01591,-0.014711,0.002109,0.019353,0.007776
2024-12-23 18:41:36.168606,-0.017503,-0.002178,-0.012348,0.019296,0.009622,-0.012119,-0.011392,0.011352
2024-12-24 18:41:36.168606,-0.001687,-0.002702,-0.044013,0.022256,-0.010443,0.006147,-0.009263,-0.002836
2024-12-25 18:41:36.168606,-0.000602,0.022301,0.031093,-0.010385,-0.000553,-0.005306,0.019612,0.004046
2024-12-26 18:41:36.168606,0.005675,0.014373,-0.001553,-0.014793,-0.000332,0.01444,-0.020353,-0.022382
2024-12-27 18:41:36.168606,0.006555,0.008642,0.009203,-0.005005,-0.006205,-0.004276,0.005936,0.008284
2024-12-30 18:41:36.168606,0.030834,0.002292,0.033908,0.00258,0.017095,-0.025311,0.001362,0.000688
2024-12-31 18:41:36.168606,0.006729,-0.010537,-0.019545,0.006818,-0.021886,0.005856,0.000453,0.003802
2025-01-01 18:41:36.168606,-0.005757,-0.005626,0.010094,-0.044595,0.011244,0.005087,-0.009968,-0.003868
2025-01-02 18:41:36.168606,-0.031476,0.021823,0.024001,-0.018724,0.006612,-0.021139,-0.011213,0.004733
2025-01-03 18:41:36.168606,-0.02686,0.019873,-0.018171,-0.007633,-0.027596,0.015512,-0.02106,0.013205
2025-01-06 18:41:36.168606,0.011209,-0.012409,0.029694,-0.015383,-0.015397,0.014458,0.010165,0.005603
2025-01-07 18:41:36.168606,0.02171,0.002454,-0.027667,-0.056912,-0.021388,-0.016883,-0.012872,-0.035957
2025-01-08 18:41:36.168606,0.031309,0.010478,-0.001412,-0.037273,-0.006815,-0.012695,0.019915,0.006025
2025-01-09 18:41:36.168606,-0.01604,0.009206,-0.021007,-0.025503,0.001459,-0.00235,-0.003952,-0.007252
2025-01-10 18:41:36.168606,-0.005582,0.00893,0.014404,-0.001892,-0.018074,-0.014663,-0.020537,-0.013666
2025-01-13 18:41:36.168606,0.005334,-0.0217,-0.018807,-0.008214,0.019891,0.013306,-0.004289,0.027503
2025-01-14 18:41:36.168606,0.041446,-0.022959,-0.011825,-0.012104,0.021666,0.00347,-0.007897,-0.018182
2025-01-15 18:41:36.168606,0.002801,0.023897,-0.017107,0.016444,0.02517,-0.021357,0.020743,-0.015879
2025-01-16 18:41:36.168606,0.031519,0.03073,-0.023514,0.016336,-0.053835,-0.015972,-0.006853,-0.04434
2025-01-17 18:41:36.168606,0.003919,-0.029154,-0.014853,0.003589,0.03944,0.024275,-0.004996,0.029338
2025-01-20 18:41:36.168606,0.023553,0.0,-0.000411,0.002954,0.003817,0.031188,0.028694,0.01832
2025-01-21 18:41:36.168606,0.021029,0.016715,-0.001508,-0.016744,0.001445,0.011287,0.010693,-0.00615
2025-01-22 18:41:36.168606,0.003834,-0.043586,-0.003799,-0.014191,-0.001519,-0.003738,0.033809,0.012755
2025-01-23 18:41:36.168606,-0.019905,-0.020887,-0.012866,-0.033589,-0.025936,-0.008288,0.025584,-0.044019
2025-01-24 18:41:36.168606,-0.004896,-0.001429,-0.00661,-0.004634,0.007691,0.011487,-0.017137,0.01
2025-01-27 18:41:36.168606,0.030275,-0.011448,-0.031209,0.016295,0.032739,0.002018,0.020305,-0.016617
2025-01-28 18:41:36.168606,0.018055,0.004756,-0.013495,0.027487,0.003602,-0.031692,0.030932,0.033971
2025-01-29 18:41:36.168606,-0.008161,0.029845,-0.003923,-0.004299,-0.021831,0.021136,0.031053,0.007833
2025-01-30 18:41:36.168606,-0.006346,-0.016488,0.006399,0.010235,-0.03,0.027407,0.02035,0.003151
2025-01-31 18:41:36.168606,-0.03412,0.001422,0.003962,-0.056514,-0.005358,0.015255,0.019944,-0.015914
2025-02-03 18:41:36.168606,0.029392,-0.006392,-0.024067,-0.008221,-0.014379,-0.021328,-0.005671,-0.015788
2025-02-04 18:41:36.168606,0.018221,0.003268,0.009036,-0.008628,0.014548,-0.01224,-0.016126,0.012323
2025-02-05 18:41:36.168606,-0.002255,0.000611,0.002968,0.030375,0.027887,-0.036663,-0.006596,-0.016102
2025-02-06 18:41:36.168606,0.00452,0.053301,0.0293,0.008281,0.009904,0.032438,-0.032797,-0.016887
2025-02-07 18:41:36.168606,-0.042913,0.030227,-0.029424,0.010512,-0.001221,-0.006636,0.027252,0.028657
2025-02-10 18:41:36.168606,-0.009253,-0.031121,-0.002222,0.009265,-0.00214,0.04717,-0.005063,0.006224
2025-02-11 18:41:36.168606,0.027209,-0.017512,0.02113,0.00145,0.001914,0.039603,0.026257,-0.021415
2025-02-12 18:41:36.168606,0.020124,-0.015066,-0.005428,0.031039,-0.022699,-0.017582,-0.024197,0.011552
2025-02-13 18:41:36.168606,0.007106,-0.024195,-0.017736,-0.045547,0.012552,-0.013665,0.022154,-0.005085
2025-02-14 18:41:36.168606,0.000215,-0.026844,-0.015824,0.003432,-0.021124,0.009822,-0.009346,-0.034826
2025-02-17 18:41:36.168606,0.016428,-0.003053,0.016179,0.023127,0.022842,-0.03458,-0.02509,-0.00947
2025-02-18 18:41:36.168606,-0.005129,-0.014257,-0.030455,-0.037408,-0.00675,-0.008272,0.032942,-0.020479
2025-02-19 18:41:36.168606,-0.032798,-0.017356,-0.00619,0.017364,0.017086,-0.010266,0.022723,0.005597
2025-02-20 18:41:36.168606,0.000367,0.040885,-0.016988,-0.014792,-0.02894,0.037518,0.004677,-0.012603
2025-02-21 18:41:36.168606,0.008578,-0.012884,-0.015553,0.00264,0.016946,0.003723,0.001164,0.002329
2025-02-24 18:41:36.168606,0.022948,-0.008383,0.009362,-0.014974,0.02776,-0.005188,0.009301,0.01385
2025-02-25 18:41:36.168606,-0.028331,0.015302,-0.007431,0.019546,-0.025129,-0.012124,0.004415,0.047676
2025-02-26 18:41:36.168606,-0.00195,-0.008432,0.00515,-0.005243,-0.001775,0.018369,-0.015291,0.040124
2025-02-27 18:41:36.168606,-0.001001,-0.022747,-0.024299,0.01746,0.00719,-0.009434,-0.007764,0.004964
2025-02-28 18:41:36.168606,-0.021541,-0.004677,0.017054,0.009228,0.008175,-0.000497,0.03971,-0.000544
2025-03-03 18:41:36.168606,0.010271,0.040651,0.004791,-0.015399,-0.006281,-0.012277,0.053998,-0.011434
2025-03-04 18:41:36.168606,0.015435,-0.009136,0.025217,0.01059,-0.009807,-0.029868,0.031596,-0.032326
2025-03-05 18:41:36.168606,-0.00531,-0.017698,-0.007596,-0.012897,0.005571,-0.019423,0.010209,-0.045228
2025-03-06 18:41:36.168606,0.041607,0.008847,0.009477,0.001797,0.007541,-0.009528,-0.006338,-0.016371
2025-03-07 18:41:36.168606,-0.005901,-0.005561,0.016145,-0.005543,-0.012029,-0.004782,-0.015515,0.03324
2025-03-10 18:41:36.168606,-0.00842,0.055275,0.009137,0.018525,-0.016002,-0.003872,-0.014008,0.032577
2025-03-11 18:41:36.168606,-0.009016,-0.015286,0.034457,0.011267,0.024707,-0.001277,-0.010655,0.001923
2025-03-12 18:41:36.168606,-0.015813,0.035186,-0.032774,-0.000159,0.002645,-0.00929,0.043619,0.009813
2025-03-13 18:41:36.168606,-0.010687,0.023793,0.003972,-0.013212,-0.044923,0.027499,0.036636,-0.011618
2025-03-14 18:41:36.168606,-0.02818,-0.007128,-0.007611,-0.024843,0.024859,0.019451,0.015265,-8.7e-05
2025-03-17 18:41:36.168606,-0.003332,0.000393,-0.009032,0.003143,-0.011444,-0.00219,-0.01863,-0.015033
2025-03-18 18:41:36.168606,0.001659,-0.020055,0.030348,-0.012038,0.001818,0.005569,0.018318,-0.015041
2025-03-19 18:41:36.168606,-0.045149,-0.010233,-0.01191,-0.037056,0.008006,-0.00693,-0.004252,0.012748
2025-03-20 18:41:36.168606,-0.001548,-0.007298,0.017555,-0.026174,-0.029189,-0.056375,-0.042536,-0.011609
2025-03-21 18:41:36.168606,0.001336,0.003676,-0.020546,0.033108,-0.00528,0.000903,0.006175,0.01035
2025-03-24 18:41:36.168606,0.010809,-0.027772,0.020876,-0.01275,0.026863,0.006632,-0.016365,-0.00245
2025-03-25 18:41:36.168606,0.024582,0.006697,4.9e-05,0.022164,0.022293,-0.031757,-0.015598,0.028843
2025-03-26 18:41:36.168606,0.017524,-0.002391,-0.005161,-0.006659,-0.005288,0.010475,-0.004401,0.011544
2025-03-27 18:41:36.168606,-0.011904,0.008439,-0.030239,0.025266,0.014783,-0.00511,-0.009549,0.005406
2025-03-28 18:41:36.168606,-0.014226,0.011468,-0.005095,0.023806,0.017474,0.007273,-0.000179,-0.02812
2025-03-31 18:41:36.168606,0.012091,-0.003984,-0.013264,-0.015883,0.016422,-0.004509,-0.001071,-0.009308
2025-04-01 18:41:36.168606,-0.010456,0.010255,0.035447,-0.039268,-0.022405,0.02552,-0.037183,-0.000488
2025-04-02 18:41:36.168606,-0.024041,-0.001218,0.001554,-0.037582,0.033319,0.005023,0.031006,0.001596
2025-04-03 18:41:36.168606,0.047964,0.015347,-0.01141,-0.015656,-0.008784,0.020538,-0.019089,0.013768
2025-04-04 18:41:36.168606,-0.005712,0.006807,-0.012301,0.038208,0.002696,0.02218,-0.018726,0.004585
2025-04-07 18:41:36.168606,-0.012025,0.004076,-0.026703,-0.007748,-0.006555,-0.021891,-0.005987,-0.020126
2025-04-08 18:41:36.168606,-0.043336,-0.001485,0.030964,0.003372,0.005115,-0.014273,-0.001694,0.012333
2025-04-09 18:41:36.168606,0.017531,0.026378,0.02559,0.026707,-0.01678,0.009539,0.029789,-0.00872
2025-04-10 18:41:36.168606,-0.019273,0.008599,-0.000797,0.002584,-0.004014,-0.006818,0.005859,-0.012466
2025-04-11 18:41:36.168606,0.001083,-0.02596,0.044061,0.002062,0.004143,-0.004273,0.011831,-0.021532
2025-04-14 18:41:36.168606,0.019873,-0.008851,0.000239,0.013032,0.025016,0.026232,0.005936,-0.006542
2025-04-15 18:41:36.168606,-0.018956,-0.004068,0.022432,0.006263,0.022576,-0.005714,0.005186,-0.010638
2025-04-16 18:41:36.168606,0.002081,0.000399,0.01181,-0.001514,0.02358,-0.018868,0.006582,0.023692
2025-04-17 18:41:36.168606,0.030986,0.004083,-0.01098,-0.013982,0.017863,-0.016173,-0.038176,-0.00482
2025-04-18 18:41:36.168606,-0.048627,-0.018449,0.004152,0.00205,0.037435,0.044148,-0.00441,0.011102
2025-04-21 18:41:36.168606,-0.015727,-0.000808,0.007944,0.022506,-0.005297,-0.00306,0.02381,-0.035517
2025-04-22 18:41:36.168606,-0.01757,-0.005765,-0.02558,0.036018,-0.002662,-0.026786,0.079322,0.015367
2025-04-23 18:41:36.168606,-0.003241,0.022175,0.006243,0.006438,-0.00347,-0.034891,-0.023551,0.013335
2025-04-24 18:41:36.168606,-0.000456,-0.019405,0.023362,0.015513,-0.000703,-0.012001,0.008895,-0.028642
2025-04-25 18:41:36.168606,-0.020748,0.000101,-0.013366,0.005984,-0.028249,-0.003428,-0.010851,-0.016923
2025-04-28 18:41:36.168606,-0.012561,-0.013191,-0.003678,-0.001252,0.005793,0.01949,0.04131,-0.012732
2025-04-29 18:41:36.168606,-0.014964,0.037841,-0.021728,0.010815,0.010423,0.017549,-0.026502,-0.003574
2025-04-30 18:41:36.168606,-0.006532,0.025562,-0.009123,0.02419,-0.004649,0.000378,0.01302,-0.013621
2025-05-01 18:41:36.168606,0.004856,-0.032364,-0.007616,-0.017108,-0.034636,-0.008605,-0.027708,-0.004374
2025-05-02 18:41:36.168606,0.018729,-0.015375,0.032059,-0.028651,0.000918,0.007302,-0.005837,0.013574
2025-05-05 18:41:36.168606,0.021596,0.017948,-0.005836,-0.010149,-0.025367,-0.034469,-0.000173,-0.010665
2025-05-06 18:41:36.168606,0.013583,0.009563,-0.010131,0.004806,0.009014,0.040131,0.021934,0.006448
2025-05-07 18:41:36.168606,-0.016986,0.009077,-0.001339,0.017857,0.002906,0.013566,-0.021126,0.00401
2025-05-08 18:41:36.168606,0.000434,0.004302,-0.033667,-0.019267,0.004829,0.017846,0.013812,-0.058649
2025-05-09 18:41:36.168606,0.047998,0.01957,-0.046685,-0.049353,-0.020719,-0.02099,0.000851,-0.015679
2025-05-12 18:41:36.168606,0.020788,0.016043,-0.027137,-0.009577,0.025738,0.026147,0.005955,0.02024
2025-05-13 18:41:36.168606,-0.00833,-0.005263,0.007,-0.003393,0.003898,-0.008699,0.019621,-0.017416
2025-05-14 18:41:36.168606,0.032153,-0.023526,0.000425,-0.022809,-0.017758,-0.018537,-0.02505,-0.020924
2025-05-15 18:41:36.168606,-0.007266,-0.033285,0.017875,-0.014632,0.012076,-0.000287,0.016675,0.021264
2025-05-16 18:41:36.168606,-0.012855,-0.001601,-0.029911,0.017854,0.00245,-0.000748,-0.010879,0.003566
2025-05-19 18:41:36.168606,0.028418,-0.036291,-0.003545,0.002084,0.037233,-0.021065,0.022335,0.029632
2025-05-20 18:41:36.168606,-0.025693,0.005513,-0.031375,0.007452,-0.010554,-0.017403,0.007282,-0.008832
2025-05-21 18:41:36.168606,-0.03778,-0.005587,0.005844,-0.006709,-0.024439,-0.018968,-0.003779,0.02458
2025-05-22 18:41:36.168606,0.019324,0.039326,-0.027057,-0.014548,0.006298,-0.018786,-0.011216,-0.017293
2025-05-23 18:41:36.168606,0.001043,0.007407,-0.004322,-0.006678,0.020745,-0.007242,0.017014,-0.05086
2025-05-26 18:41:36.168606,0.003042,-9.9e-05,0.004626,0.010439,0.046951,-0.027299,0.025586,0.013986
2025-05-27 18:41:36.168606,-0.006721,-0.0318,-0.007334,-0.029417,0.068865,-0.013325,-0.010075,0.011943
2025-05-28 18:41:36.168606,-0.004264,-0.024736,-0.044731,0.033556,-0.030536,0.021399,-0.022132,0.013943
2025-05-29 18:41:36.168606,-0.008675,0.014102,0.033755,0.012044,-0.002223,0.016958,0.014373,-0.003605
2025-05-30 18:41:36.168606,-0.012011,-0.005812,-0.009454,-0.010176,-0.024376,-0.020475,-0.028502,0.029825
2025-06-02 18:41:36.168606,-0.007136,0.051253,-0.031735,0.016728,-0.004436,0.019653,-0.02565,0.017819
2025-06-03 18:41:36.168606,-0.007784,-0.001192,0.015722,0.02485,0.050029,-0.038832,-0.020647,0.016964
2025-06-04 18:41:36.168606,-0.016063,0.003877,0.016491,-0.00602,-0.015882,0.049102,-0.007906,0.002958
2025-06-05 18:41:36.168606,-0.010388,-0.025847,-0.005564,-0.003869,6.3e-05,0.026505,-0.026209,-0.026447
2025-06-06 18:41:36.168606,-0.049577,0.019518,0.031274,0.0304,-0.011128,-0.010693,-0.038371,0.001838
2025-06-09 18:41:36.168606,0.014201,-0.018048,-0.014335,0.042944,-0.019557,0.008137,-0.022126,0.007733
2025-06-10 18:41:36.168606,0.008297,0.010967,0.003998,0.0011,0.036362,-0.027533,0.013344,0.041124
2025-06-11 18:41:36.168606,-0.00118,0.016774,0.010734,-0.022763,-0.030291,0.001723,-0.025,0.005811
2025-06-12 18:41:36.168606,0.00524,0.002371,0.030775,-0.008835,-0.001171,-0.003158,-0.006263,-0.020387
2025-06-13 18:41:36.168606,0.005966,0.035676,-0.038387,0.02107,0.00228,-0.016216,0.039393,0.00983
2025-06-16 18:41:36.168606,-0.013988,-0.011704,0.046371,-0.02,-0.000163,-0.008863,-0.000379,0.025642
2025-06-17 18:41:36.168606,-0.010146,0.033988,0.023947,-0.003725,-0.005819,-0.01084,0.007393,0.034678
2025-06-18 18:41:36.168606,0.011079,-0.024956,0.009516,0.00634,0.032796,-0.022146,-0.018442,-0.001656
2025-06-19 18:41:36.168606,0.004644,0.016522,-0.015498,-0.017932,-0.041759,-0.016661,0.043712,-0.003451
2025-06-20 18:41:36.168606,0.041362,-0.002349,-0.017202,0.022372,0.009251,-0.02834,-0.010287,-0.02775
2025-06-23 18:41:36.168606,0.032901,-0.013655,0.006275,0.014481,0.010116,0.017646,-0.004083,-0.011565
2025-06-24 18:41:36.168606,0.019157,-0.032748,0.010393,0.040603,0.006222,-0.018127,0.026836,0.009173
2025-06-25 18:41:36.168606,-0.014745,-0.004738,0.007796,0.016156,-0.016104,-0.023931,-0.003085,-0.030005
2025-06-26 18:41:36.168606,-0.01077,-0.005951,0.003706,-0.018749,0.024584,0.017308,0.001456,0.041452
2025-06-27 18:41:36.168606,-0.01954,0.003991,0.009098,0.011159,0.023611,0.007893,-0.005272,-0.006611
