date,symbol,action,quantity,price,amount
2023-11-21,GOOG,buy,869,227.58,197769.84
2023-05-05,AAPL,buy,636,84.4,53677.79
2023-11-02,AAPL,sell,836,277.24,231774.91
2023-11-15,AAPL,sell,342,235.52,80548.06
2023-04-09,JPM,sell,768,94.39,72493.1
2023-02-07,AAPL,sell,769,149.1,114656.05
2023-02-13,AAPL,buy,515,124.86,64301.25
2023-02-26,JPM,sell,587,277.28,162765.43
2023-08-26,GOOG,sell,402,200.42,80567.71
2023-04-20,JPM,sell,816,226.98,185212.67
2023-10-19,JPM,sell,106,109.66,11624.0
2023-04-13,GOOG,buy,505,56.46,28511.23
2023-11-08,AAPL,buy,905,239.29,216556.47
2023-05-15,MSFT,buy,93,174.53,16230.95
2023-12-22,JPM,sell,962,116.74,112304.35
2023-02-25,JPM,buy,101,177.74,17951.46
2023-04-12,JPM,buy,678,290.63,197047.97
2023-03-24,MSFT,sell,758,238.18,180538.43
2023-01-02,AMZN,buy,731,140.51,102709.98
2023-06-29,AAPL,sell,282,248.71,70136.19
2023-09-08,MSFT,buy,930,265.57,246982.33
2023-03-02,MSFT,sell,506,150.32,76063.76
2023-09-13,JPM,buy,600,253.6,152157.47
2023-10-13,GOOG,sell,998,194.98,194585.25
2023-12-24,AMZN,buy,220,82.84,18224.25
2023-09-20,MSFT,sell,399,272.36,108672.04
2023-03-27,JPM,buy,500,90.84,45419.56
2023-11-16,MSFT,sell,666,200.47,133512.75
2023-04-29,AAPL,sell,515,254.02,130821.77
2023-06-02,MSFT,sell,506,132.95,67273.9
2023-02-28,GOOG,buy,835,57.56,48062.17
2023-04-28,JPM,buy,692,188.09,130161.57
2023-07-27,GOOG,sell,654,94.69,61929.45
2023-06-25,AMZN,buy,858,213.23,182954.48
2023-06-03,AAPL,buy,260,227.71,59203.94
2023-05-29,GOOG,sell,516,116.65,60189.78
2023-12-23,GOOG,buy,501,250.44,125468.92
2023-05-26,AMZN,buy,433,196.12,84921.72
2023-06-05,GOOG,sell,451,263.8,118975.34
2023-07-26,AMZN,sell,981,84.06,82467.44
2023-02-04,AAPL,sell,709,288.23,204358.33
2023-08-08,JPM,buy,194,251.19,48731.59
2023-04-20,MSFT,sell,143,248.11,35479.67
2023-10-15,MSFT,buy,314,266.5,83679.5
2023-01-14,MSFT,buy,882,96.77,85353.22
2023-10-08,JPM,sell,20,172.67,3453.32
2023-07-05,AMZN,buy,982,189.19,185783.6
2023-11-07,GOOG,sell,672,269.35,181003.37
2023-05-06,GOOG,buy,52,77.52,4031.22
2023-07-09,MSFT,buy,781,139.58,109012.62
2023-05-16,AMZN,buy,526,106.04,55776.0
2023-05-16,JPM,sell,832,239.6,199344.25
2023-11-21,JPM,buy,888,186.81,165885.49
2023-06-04,AAPL,sell,613,91.64,56173.55
2023-10-11,AAPL,sell,699,211.25,147666.84
2023-03-08,MSFT,buy,366,69.02,25262.6
2023-12-23,AMZN,sell,130,178.05,23145.93
2023-08-07,AAPL,sell,52,274.28,14262.66
2023-01-18,AAPL,sell,922,167.35,154297.87
2023-03-23,MSFT,sell,221,97.01,21439.06
2023-08-16,GOOG,sell,345,289.23,99782.99
2023-03-24,JPM,buy,787,65.11,51243.98
2023-03-19,AMZN,sell,583,79.41,46297.99
2023-10-05,AAPL,sell,404,244.79,98895.79
2023-01-04,JPM,sell,895,248.72,222607.59
2023-07-11,JPM,sell,604,106.04,64047.87
2023-09-09,AMZN,buy,365,55.68,20322.66
2023-03-20,AMZN,sell,331,145.82,48265.66
2023-11-28,AMZN,buy,16,97.98,1567.72
2023-04-16,GOOG,sell,551,238.2,131246.24
2023-03-30,JPM,buy,82,60.46,4958.12
2023-08-26,AMZN,sell,350,296.68,103838.63
2023-01-08,MSFT,buy,216,129.11,27887.69
2023-10-11,GOOG,sell,135,190.45,25710.19
2023-02-01,JPM,buy,927,197.45,183036.55
2023-03-06,AAPL,sell,844,54.51,46008.56
2023-05-21,AMZN,sell,288,146.52,42197.06
2023-02-10,MSFT,sell,611,231.36,141358.01
2023-11-04,AAPL,buy,908,203.63,184899.29
2023-07-03,AAPL,buy,258,78.58,20274.34
2023-04-02,GOOG,buy,278,83.66,23256.62
2023-09-11,AMZN,buy,542,139.6,75664.9
2023-09-26,JPM,buy,886,264.35,234216.55
2023-02-14,GOOG,sell,446,77.47,34549.62
2023-01-06,GOOG,buy,540,164.28,88709.76
2023-07-11,MSFT,sell,765,101.96,78002.85
2023-07-14,AAPL,buy,655,278.95,182713.0
2023-12-15,AAPL,buy,108,58.97,6368.64
2023-03-04,GOOG,sell,155,162.68,25215.93
2023-09-09,MSFT,buy,119,105.99,12612.71
2023-09-28,AMZN,sell,285,70.78,20172.78
2023-09-04,AMZN,sell,417,177.95,74204.82
2023-05-05,AAPL,buy,667,88.55,59065.31
2023-01-20,GOOG,buy,399,227.09,90610.72
2023-07-22,AAPL,sell,677,93.13,63049.87
2023-09-03,JPM,buy,360,286.66,103198.51
2023-02-06,AAPL,sell,301,96.76,29124.18
2023-12-14,JPM,buy,453,234.07,106035.71
2023-03-22,AAPL,sell,299,94.24,28177.77
2023-06-07,GOOG,buy,402,207.06,83236.33
2023-05-27,JPM,buy,77,141.29,10879.52
2023-05-20,JPM,buy,216,232.4,50198.99
2023-04-23,JPM,buy,206,281.92,58075.71
2023-04-11,JPM,buy,951,131.46,125015.19
2023-07-25,GOOG,buy,77,151.84,11691.62
2023-02-15,JPM,buy,692,279.54,193441.0
2023-10-28,MSFT,sell,770,173.35,133476.26
2023-01-20,JPM,sell,500,97.17,48587.37
2023-09-14,JPM,sell,770,206.44,158956.17
2023-05-17,GOOG,buy,445,130.17,57926.88
2023-01-16,MSFT,sell,288,230.88,66492.82
2023-02-03,JPM,sell,27,297.21,8024.72
2023-05-23,JPM,buy,102,132.49,13514.11
2023-10-06,AAPL,buy,991,213.84,211915.47
2023-10-15,AMZN,sell,681,170.51,116119.85
2023-01-13,AMZN,sell,402,128.67,51726.83
2023-11-19,AAPL,sell,809,69.31,56068.6
2023-12-27,AMZN,buy,450,221.5,99672.9
2023-07-31,JPM,sell,734,52.6,38610.42
2023-09-06,JPM,sell,738,109.94,81134.19
2023-06-19,AAPL,sell,79,52.65,4159.19
2023-02-23,MSFT,sell,843,50.25,42364.15
2023-09-16,GOOG,buy,680,147.54,100326.1
2023-06-10,JPM,sell,239,170.49,40747.54
2023-07-12,AMZN,buy,361,170.36,61499.9
2023-04-20,MSFT,buy,974,129.28,125922.45
2023-08-18,JPM,sell,754,240.17,181090.95
2023-10-23,AAPL,buy,687,206.97,142186.8
2023-07-29,GOOG,sell,187,188.77,35299.21
2023-03-13,AMZN,sell,231,165.29,38181.77
2023-08-16,AAPL,buy,277,106.07,29382.63
2023-06-12,GOOG,sell,263,286.82,75434.78
2023-04-29,MSFT,sell,200,84.45,16889.82
2023-02-15,JPM,sell,849,223.48,189735.89
2023-05-25,GOOG,buy,141,204.57,28844.32
2023-06-02,MSFT,buy,616,261.4,161024.98
2023-08-18,AMZN,sell,927,102.62,95129.65
2023-03-09,MSFT,sell,16,74.77,1196.31
2023-07-25,GOOG,sell,922,150.34,138615.7
2023-04-29,AAPL,sell,197,213.49,42057.82
2023-07-13,AMZN,sell,999,161.78,161621.09
2023-10-16,MSFT,buy,618,271.0,167480.0
2023-03-05,JPM,sell,391,213.38,83431.8
2023-04-14,MSFT,sell,973,235.98,229611.93
2023-08-05,GOOG,buy,101,119.91,12110.46
2023-04-29,JPM,buy,735,191.9,141043.89
2023-08-23,GOOG,buy,381,255.12,97200.37
2023-01-24,AMZN,buy,622,253.0,157366.61
2023-05-03,GOOG,sell,355,265.68,94317.4
2023-09-09,AAPL,sell,336,258.02,86693.54
2023-12-24,AMZN,sell,657,107.09,70357.1
2023-03-01,JPM,sell,616,233.08,143577.13
2023-08-28,JPM,buy,118,75.14,8867.01
2023-02-04,GOOG,sell,519,224.56,116544.99
2023-05-12,AAPL,sell,688,200.52,137961.11
2023-12-08,MSFT,buy,230,144.57,33251.76
2023-11-11,GOOG,sell,272,253.81,69036.89
2023-09-24,AMZN,buy,992,179.86,178416.96
2023-02-11,GOOG,sell,721,160.79,115932.17
2023-11-30,GOOG,sell,771,138.52,106795.18
2023-10-16,JPM,sell,640,118.54,75865.58
2023-07-07,AMZN,sell,762,73.37,55909.25
2023-12-04,GOOG,buy,284,70.73,20088.71
2023-10-22,MSFT,buy,961,54.73,52599.26
2023-10-11,MSFT,buy,441,227.62,100381.89
2023-09-29,AMZN,buy,340,192.42,65421.3
2023-06-07,JPM,sell,529,125.45,66362.16
2023-04-24,GOOG,sell,805,63.19,50870.32
2023-09-23,JPM,buy,718,254.19,182508.9
2023-08-10,GOOG,sell,199,128.35,25542.29
2023-11-30,GOOG,sell,590,296.71,175055.96
2023-12-30,MSFT,sell,737,184.02,135621.14
2023-09-26,AMZN,sell,905,152.95,138419.35
2023-05-27,AMZN,sell,144,147.19,21195.81
2023-10-29,AAPL,sell,75,220.16,16511.93
2023-01-03,GOOG,buy,334,114.39,38205.63
2023-04-03,AMZN,buy,807,59.55,48053.81
2023-02-20,AAPL,sell,841,56.39,47427.83
2023-12-13,MSFT,buy,689,216.47,149150.73
2023-11-14,AAPL,sell,216,179.76,38828.63
2023-08-21,AMZN,buy,693,264.95,183609.87
2023-08-20,GOOG,buy,153,183.87,28132.59
2023-01-09,AAPL,sell,334,171.88,57408.54
2023-05-07,GOOG,sell,990,104.12,103080.11
2023-09-21,JPM,buy,530,97.55,51702.29
2023-01-14,JPM,sell,735,137.92,101371.61
2023-11-25,MSFT,buy,722,254.87,184013.9
2023-05-24,JPM,sell,474,279.06,132272.38
2023-04-28,AAPL,sell,453,119.38,54078.75
2023-07-20,AAPL,sell,631,248.97,157097.42
2023-06-13,AAPL,sell,557,156.11,86951.36
2023-01-21,AAPL,buy,625,168.13,105082.29
2023-04-22,GOOG,sell,641,151.71,97243.13
2023-04-06,AMZN,buy,885,147.47,130513.86
2023-05-24,AMZN,buy,15,250.12,3751.85
2023-08-18,MSFT,buy,715,164.6,117687.37
2023-07-18,GOOG,sell,805,77.32,62239.48
2023-06-24,AAPL,sell,280,167.18,46810.79
2023-07-25,AMZN,sell,596,75.73,45135.55
2023-01-02,MSFT,sell,961,68.73,66052.43
2023-02-13,AMZN,buy,496,189.17,93830.0
2023-09-29,GOOG,buy,394,135.33,53321.06
2023-10-16,MSFT,buy,447,237.18,106021.55
2023-05-04,AAPL,buy,293,55.17,16165.45
2023-08-29,AAPL,buy,157,151.64,23807.07
2023-09-22,JPM,buy,758,292.78,221925.18
2023-03-01,GOOG,buy,596,178.48,106374.36
2023-08-16,MSFT,sell,475,191.74,91077.98
2023-08-29,GOOG,buy,293,288.15,84427.63
2023-10-17,AMZN,sell,530,134.4,71229.94
2023-01-12,AAPL,buy,144,175.26,25237.13
2023-01-05,GOOG,buy,303,189.25,57343.7
2023-05-31,AAPL,sell,877,230.22,201904.89
2023-05-22,GOOG,sell,755,210.9,159227.29
2023-02-16,AMZN,sell,770,147.89,113873.22
2023-06-29,MSFT,buy,657,163.94,107710.29
2023-07-31,JPM,sell,881,265.97,234318.71
2023-02-07,GOOG,sell,595,255.09,151781.3
2023-05-21,AAPL,buy,616,252.94,155810.62
2023-10-28,MSFT,buy,254,295.31,75009.81
2023-04-23,MSFT,sell,910,54.6,49687.08
2023-02-16,AMZN,buy,694,298.26,206990.25
2023-07-10,MSFT,buy,244,163.9,39990.92
2023-06-22,AMZN,sell,551,71.87,39600.4
2023-04-04,AMZN,buy,311,259.44,80686.8
2023-12-14,MSFT,sell,426,107.9,45966.64
2023-05-02,AAPL,buy,148,135.75,20090.64
2023-09-30,AAPL,sell,419,147.36,61743.31
2023-01-16,GOOG,sell,525,204.71,107473.66
2023-09-05,AAPL,sell,468,150.91,70625.6
2023-01-31,JPM,buy,522,113.09,59030.96
2023-02-16,AMZN,sell,807,225.97,182359.64
2023-10-07,AMZN,buy,500,124.34,62172.3
2023-02-08,GOOG,sell,336,274.78,92324.84
2023-06-25,JPM,buy,799,290.75,232310.18
2023-09-15,GOOG,sell,270,208.99,56426.38
2023-06-03,GOOG,buy,708,78.77,55771.68
2023-03-04,AMZN,buy,50,88.99,4449.59
2023-10-04,JPM,buy,743,292.46,217295.05
2023-07-04,GOOG,buy,84,69.1,5804.46
2023-12-31,JPM,sell,26,171.59,4461.46
2023-01-19,MSFT,sell,68,101.21,6882.02
2023-07-22,MSFT,sell,115,185.99,21388.61
2023-11-02,GOOG,sell,510,228.72,116645.73
2023-08-28,AAPL,buy,971,233.4,226627.34
2023-12-16,AMZN,buy,663,226.2,149971.21
2023-07-20,MSFT,buy,938,147.18,138054.87
2023-09-20,MSFT,buy,265,204.15,54100.69
2023-12-03,MSFT,sell,686,128.51,88159.61
2023-10-28,JPM,buy,292,146.29,42716.7
2023-04-18,MSFT,sell,849,93.95,79760.5
2023-03-21,AMZN,sell,391,83.48,32641.11
2023-05-30,MSFT,buy,374,103.65,38766.13
2023-08-08,AMZN,buy,394,237.48,93565.76
2023-08-13,AMZN,sell,847,82.8,70129.04
2023-05-28,AMZN,buy,985,266.91,262905.26
2023-11-04,MSFT,sell,926,289.53,268105.46
2023-12-10,AAPL,buy,563,132.36,74519.1
2023-12-16,JPM,sell,981,93.26,91488.23
2023-06-20,MSFT,sell,884,72.77,64332.48
2023-08-24,AMZN,sell,957,236.41,226246.45
2023-05-23,GOOG,sell,585,61.8,36151.49
2023-06-24,AAPL,sell,797,282.19,224909.14
2023-08-14,JPM,buy,303,142.99,43325.61
2023-03-17,JPM,sell,644,217.04,139775.33
2023-04-13,AMZN,sell,689,149.27,102849.08
2023-01-06,AAPL,sell,377,80.63,30396.53
2023-06-26,MSFT,sell,677,296.82,200946.97
2023-10-30,MSFT,buy,612,110.03,67339.81
2023-05-25,AMZN,sell,580,224.91,130450.07
2023-08-25,JPM,buy,92,164.29,15115.09
2023-08-08,JPM,sell,763,133.67,101991.15
2023-04-09,MSFT,buy,212,220.94,46839.32
2023-05-08,MSFT,buy,585,250.05,146280.74
2023-08-14,AMZN,sell,575,56.42,32441.54
2023-02-27,AAPL,sell,666,212.58,141575.4
2023-01-15,AAPL,sell,316,200.22,63268.75
2023-06-15,MSFT,buy,931,245.59,228641.6
2023-09-15,GOOG,sell,358,292.37,104668.21
2023-03-18,AAPL,sell,617,248.11,153086.95
2023-04-28,AMZN,buy,47,277.66,13050.05
2023-08-30,GOOG,buy,984,225.62,222011.34
2023-08-17,GOOG,sell,394,121.88,48020.95
2023-10-01,GOOG,sell,81,107.75,8728.05
2023-01-06,MSFT,sell,231,119.31,27560.79
2023-06-01,JPM,sell,592,293.14,173536.94
2023-02-27,AAPL,sell,632,279.01,176332.73
2023-01-12,JPM,buy,17,108.08,1837.42
2023-02-22,AAPL,sell,869,136.66,118754.98
2023-09-12,AMZN,sell,596,66.37,39554.93
2023-04-02,GOOG,sell,710,114.43,81247.62
2023-07-25,GOOG,buy,903,261.78,236387.62
2023-10-10,AMZN,sell,680,240.56,163577.68
2023-04-16,GOOG,buy,641,248.74,159444.79
2023-09-27,GOOG,sell,383,191.16,73213.54
2023-12-23,AMZN,sell,655,153.74,100699.5
2023-02-26,MSFT,sell,167,263.41,43990.28
2023-08-22,GOOG,buy,782,91.04,71195.69
2023-01-02,AAPL,sell,191,51.82,9897.56
2023-05-07,AAPL,buy,295,272.54,80399.47
2023-08-13,GOOG,sell,738,176.43,130206.48
2023-06-12,AAPL,buy,680,244.39,166183.04
2023-06-29,MSFT,sell,910,138.34,125885.62
2023-02-20,AMZN,sell,55,63.75,3506.44
2023-03-13,GOOG,buy,616,52.99,32642.17
2023-05-12,MSFT,sell,802,65.92,52866.1
2023-12-22,GOOG,buy,647,72.17,46691.8
2023-04-10,MSFT,buy,548,164.95,90392.02
2023-04-09,AAPL,buy,45,173.71,7817.09
2023-10-02,AAPL,buy,480,248.22,119147.13
2023-12-29,AMZN,sell,839,240.28,201592.5
2023-09-06,MSFT,sell,749,61.31,45924.27
2023-04-30,JPM,sell,929,144.68,134411.03
2023-08-30,AMZN,buy,26,65.49,1702.75
2023-12-07,JPM,buy,778,57.45,44697.84
2023-10-07,MSFT,buy,294,235.95,69370.35
2023-01-13,GOOG,buy,566,155.77,88168.11
2023-04-17,GOOG,sell,975,223.95,218351.39
2023-12-14,AAPL,sell,192,97.21,18663.78
2023-11-22,AMZN,buy,621,291.92,181282.03
2023-03-25,GOOG,sell,554,145.74,80741.35
2023-02-03,JPM,sell,149,287.64,42857.89
2023-11-04,GOOG,buy,976,76.41,74574.66
2023-05-05,JPM,sell,235,293.06,68868.31
2023-02-06,MSFT,sell,715,242.04,173058.85
2023-11-23,MSFT,buy,96,51.52,4946.3
2023-07-11,MSFT,buy,670,275.14,184340.55
2023-05-20,JPM,sell,90,266.24,23961.25
2023-08-08,JPM,sell,68,120.26,8177.35
2023-09-19,AMZN,buy,342,82.34,28160.19
2023-03-09,JPM,buy,184,261.16,48053.1
2023-11-22,AMZN,buy,463,188.0,87045.03
2023-05-10,JPM,buy,975,193.12,188291.31
2023-05-13,MSFT,sell,275,266.04,73159.74
2023-01-22,AAPL,buy,921,143.27,131947.65
2023-01-04,GOOG,sell,793,184.14,146023.72
2023-12-27,GOOG,sell,448,136.41,61110.19
2023-07-31,AMZN,buy,962,137.33,132110.76
2023-01-18,JPM,buy,964,117.01,112796.12
2023-05-04,AMZN,buy,933,267.63,249700.06
2023-05-21,JPM,sell,640,207.7,132929.32
2023-06-15,AAPL,sell,807,63.42,51179.83
2023-08-03,MSFT,sell,501,222.41,111429.16
2023-10-09,AAPL,buy,98,121.34,11891.75
2023-03-16,AMZN,buy,550,210.03,115515.28
2023-07-23,GOOG,buy,344,111.3,38286.03
2023-05-18,AMZN,sell,348,199.61,69465.08
2023-11-02,GOOG,buy,906,138.66,125625.57
2023-08-06,JPM,sell,85,63.87,5428.75
2023-07-23,AAPL,buy,713,231.07,164755.65
2023-09-26,JPM,buy,310,119.22,36958.74
2023-09-28,AMZN,sell,441,259.96,114641.79
2023-08-05,GOOG,sell,992,292.95,290606.8
2023-07-16,AAPL,sell,103,211.48,21782.37
2023-05-12,JPM,sell,241,124.62,30032.85
2023-05-31,AMZN,sell,428,190.92,81712.8
2023-11-14,JPM,buy,446,199.53,88991.38
2023-08-09,AMZN,sell,230,299.15,68804.95
2023-06-13,AAPL,buy,889,107.11,95218.68
2023-09-16,JPM,buy,785,137.72,108113.75
2023-06-23,AMZN,sell,115,238.02,27372.7
2023-02-12,MSFT,buy,962,165.34,159054.08
2023-03-27,AAPL,sell,947,101.44,96061.14
2023-09-23,JPM,buy,675,115.56,78000.07
2023-02-04,JPM,buy,36,69.97,2518.84
2023-11-02,GOOG,buy,590,148.88,87837.2
2023-04-12,AAPL,buy,925,209.81,194069.73
2023-10-26,JPM,buy,489,199.11,97366.18
2023-06-20,MSFT,buy,308,81.31,25042.39
2023-12-04,AMZN,sell,297,194.19,57673.03
2023-06-03,AAPL,sell,351,118.34,41538.28
2023-03-16,GOOG,buy,261,132.71,34637.32
2023-12-19,MSFT,buy,885,176.64,156323.08
2023-02-11,AMZN,sell,671,227.58,152704.34
2023-09-12,GOOG,buy,968,294.33,284911.68
2023-07-18,JPM,sell,419,71.85,30107.19
2023-06-20,AAPL,sell,861,175.96,151500.96
2023-06-10,AMZN,buy,589,126.28,74378.07
2023-07-11,AAPL,sell,718,72.74,52224.85
2023-04-21,GOOG,buy,562,68.93,38738.22
2023-09-12,AMZN,buy,194,129.72,25164.87
2023-12-23,AMZN,buy,841,262.85,221059.41
2023-04-24,MSFT,buy,294,152.75,44908.38
2023-05-04,AMZN,sell,62,80.6,4997.29
2023-03-17,MSFT,sell,703,147.73,103851.34
2023-05-31,JPM,sell,491,206.16,101226.47
2023-11-26,JPM,sell,83,277.11,22999.9
2023-01-25,AMZN,buy,875,79.94,69950.38
2023-08-07,AAPL,sell,179,287.95,51542.52
2023-02-22,AMZN,buy,383,248.09,95016.83
2023-11-12,AMZN,buy,965,97.36,93949.75
2023-02-11,AMZN,buy,919,233.5,214588.97
2023-12-23,GOOG,sell,433,221.37,95853.97
2023-04-27,MSFT,buy,878,189.28,166184.4
2023-02-08,AMZN,sell,630,254.78,160510.77
2023-12-28,JPM,buy,340,73.82,25099.69
2023-04-22,MSFT,sell,844,154.53,130423.51
2023-09-29,AAPL,buy,133,63.37,8428.5
2023-09-06,JPM,sell,69,179.88,12411.72
2023-08-14,GOOG,sell,333,209.94,69909.07
2023-09-05,JPM,sell,465,87.17,40534.25
2023-07-13,MSFT,buy,200,54.7,10940.51
2023-12-09,GOOG,buy,281,66.19,18599.93
2023-01-08,JPM,sell,830,179.91,149328.4
2023-04-01,GOOG,buy,773,284.71,220080.81
2023-08-04,GOOG,buy,267,116.86,31201.04
2023-12-24,GOOG,buy,206,135.99,28014.88
2023-12-16,JPM,sell,413,270.28,111627.13
2023-01-04,AMZN,sell,771,83.61,64463.14
2023-05-10,AAPL,sell,596,137.92,82201.59
2023-12-24,AAPL,sell,932,293.04,273110.29
2023-07-20,AMZN,buy,869,216.77,188369.41
2023-12-04,GOOG,sell,82,149.55,12262.94
2023-02-21,JPM,sell,964,117.47,113245.39
2023-03-04,AMZN,buy,339,135.93,46080.46
2023-10-12,MSFT,sell,308,265.48,81768.55
2023-07-30,MSFT,sell,926,135.84,125790.37
2023-12-17,AAPL,buy,954,235.63,224788.03
2023-01-04,MSFT,buy,787,129.56,101960.39
2023-03-08,MSFT,buy,410,129.88,53252.28
2023-11-05,GOOG,sell,333,169.38,56401.92
2023-04-12,GOOG,sell,128,160.16,20500.98
2023-07-09,GOOG,buy,631,177.2,111815.21
2023-10-06,MSFT,buy,647,79.03,51135.37
2023-11-27,MSFT,sell,129,93.73,12091.02
2023-12-10,GOOG,sell,976,220.91,215611.65
2023-04-14,JPM,buy,456,74.55,33995.39
2023-07-19,MSFT,sell,531,192.16,102039.51
2023-04-11,GOOG,sell,32,257.12,8227.73
2023-08-13,AAPL,sell,986,155.23,153056.74
2023-01-21,MSFT,sell,990,175.31,173557.76
2023-04-30,JPM,sell,67,255.74,17134.68
2023-01-01,JPM,buy,531,245.95,130601.47
2023-05-28,JPM,sell,686,160.51,110109.63
2023-06-11,MSFT,sell,430,107.37,46167.8
2023-06-09,JPM,sell,882,238.1,210005.89
2023-10-24,AAPL,sell,273,247.79,67645.69
2023-04-15,JPM,buy,452,234.19,105854.68
2023-04-02,GOOG,sell,110,194.67,21413.7
2023-06-28,AMZN,sell,364,253.64,92325.6
2023-01-23,MSFT,buy,940,194.45,182778.71
2023-07-14,AMZN,buy,442,189.32,83678.78
2023-06-11,AMZN,buy,708,143.28,101444.57
2023-07-13,AMZN,buy,928,201.86,187324.59
2023-11-08,MSFT,sell,120,292.65,35118.05
2023-09-05,AAPL,buy,170,239.45,40706.97
2023-06-27,AAPL,sell,581,57.09,33169.21
2023-03-13,AMZN,buy,317,209.1,66284.5
2023-07-24,AMZN,sell,945,276.62,261408.29
2023-01-07,AAPL,buy,748,129.18,96627.96
2023-01-14,MSFT,sell,944,279.01,263383.44
2023-11-16,AAPL,sell,647,202.22,130839.32
2023-01-18,AMZN,sell,302,144.51,43641.86
2023-08-25,AMZN,sell,700,208.78,146148.98
2023-04-05,AMZN,sell,490,212.11,103932.54
2023-03-25,AAPL,sell,495,277.57,137396.11
2023-10-06,AAPL,sell,938,290.78,272749.94
2023-06-07,AMZN,buy,81,191.61,15520.49
2023-03-03,AAPL,sell,252,278.38,70151.15
2023-05-04,AAPL,buy,738,260.93,192565.43
2023-01-17,GOOG,buy,152,135.85,20649.8
2023-02-04,AAPL,sell,155,259.51,40224.37
2023-06-14,MSFT,sell,677,80.77,54684.06
2023-10-01,GOOG,sell,40,174.26,6970.5
2023-01-02,JPM,sell,338,286.58,96864.8
2023-06-25,AMZN,sell,604,202.84,122518.07
2023-08-11,GOOG,buy,478,261.29,124897.76
2023-04-20,GOOG,buy,48,75.99,3647.43
2023-07-13,GOOG,sell,849,297.55,252618.27
2023-05-21,AAPL,buy,823,199.56,164241.83
2023-06-23,GOOG,sell,846,238.3,201601.9
2023-01-24,AAPL,buy,204,79.83,16284.88
2023-07-31,AMZN,sell,299,51.88,15510.94
2023-10-31,JPM,buy,47,272.39,12802.45
2023-03-10,MSFT,sell,830,130.09,107975.93
2023-03-15,MSFT,buy,115,189.52,21795.15
2023-09-29,AMZN,sell,365,168.14,61372.04
2023-10-11,AAPL,sell,863,162.93,140605.87
2023-11-21,AAPL,buy,951,79.5,75605.9
2023-02-05,MSFT,buy,911,241.5,220008.34
2023-08-15,JPM,sell,155,189.57,29382.68
2023-09-19,AMZN,sell,354,177.74,62918.22
2023-04-18,AAPL,buy,889,102.77,91363.89
2023-07-20,MSFT,buy,636,109.49,69635.67
2023-11-22,MSFT,sell,679,213.52,144977.44
2023-08-10,GOOG,sell,872,197.84,172515.71
2023-06-26,AMZN,buy,584,259.61,151610.57
2023-10-17,AMZN,sell,363,114.95,41728.33
2023-09-26,AAPL,sell,314,84.65,26580.3
2023-03-08,JPM,sell,316,279.76,88403.26
2023-01-26,MSFT,buy,123,261.14,32119.67
2023-11-09,MSFT,buy,569,253.17,144055.37
2023-12-09,JPM,buy,81,201.1,16288.72
2023-07-20,AAPL,buy,566,58.21,32944.41
2023-03-11,JPM,buy,926,197.65,183023.39
2023-06-21,GOOG,sell,273,99.52,27167.94
2023-01-05,MSFT,buy,751,249.09,187065.4
2023-02-24,GOOG,buy,659,117.07,77148.84
2023-04-25,MSFT,sell,387,298.32,115450.61
2023-07-16,AMZN,buy,419,152.17,63760.22
2023-08-13,JPM,sell,575,206.23,118581.16
2023-01-25,JPM,buy,330,92.78,30617.53
2023-06-27,GOOG,sell,443,151.53,67127.68
2023-05-23,AAPL,buy,14,290.8,4071.16
2023-03-22,AAPL,sell,826,144.06,118993.09
2023-10-01,GOOG,buy,782,134.76,105383.29
2023-04-30,JPM,sell,361,279.41,100865.75
2023-06-13,AAPL,buy,140,140.61,19685.47
2023-08-25,MSFT,buy,991,102.68,101753.5
2023-02-11,GOOG,buy,706,198.28,139982.79
2023-09-11,GOOG,sell,69,217.77,15026.04
2023-06-09,MSFT,buy,395,146.43,57839.34
2023-06-22,AMZN,buy,517,183.78,95015.36
2023-05-26,MSFT,sell,21,195.54,4106.38
2023-08-13,JPM,buy,180,84.76,15256.7
2023-07-28,GOOG,buy,438,132.14,57876.08
2023-09-23,AAPL,buy,619,86.13,53313.36
2023-09-23,MSFT,buy,753,193.93,146025.72
2023-06-27,AAPL,sell,881,295.12,260001.45
2023-08-18,AMZN,buy,837,121.16,101414.0
2023-01-28,GOOG,sell,237,261.53,61981.65
2023-06-28,AMZN,sell,841,74.63,62761.33
2023-09-22,GOOG,buy,441,150.51,66375.0
2023-10-24,AAPL,buy,184,240.08,44174.95
2023-04-19,AAPL,sell,19,279.09,5302.67
2023-11-15,GOOG,sell,617,174.97,107953.89
2023-04-03,MSFT,sell,974,195.97,190879.18
2023-12-14,AMZN,buy,430,84.95,36528.29
2023-06-04,MSFT,sell,85,240.71,20460.34
2023-06-24,GOOG,sell,27,142.95,3859.66
2023-08-26,MSFT,buy,393,87.85,34524.41
2023-12-06,MSFT,sell,52,154.41,8029.49
2023-10-31,JPM,buy,415,230.61,95704.66
2023-08-04,AMZN,sell,647,259.57,167941.77
2023-07-18,AMZN,sell,989,69.7,68936.73
2023-02-09,GOOG,buy,590,59.41,35051.22
2023-07-06,AAPL,buy,236,298.42,70426.52
2023-09-24,JPM,sell,977,102.1,99747.88
2023-08-10,AAPL,buy,405,189.77,76857.68
2023-10-19,AMZN,buy,963,124.21,119612.71
2023-09-26,GOOG,buy,840,145.66,122352.67
2023-07-11,AMZN,sell,211,169.04,35667.45
2023-02-23,MSFT,sell,248,126.97,31488.66
2023-12-04,GOOG,buy,330,233.2,76956.31
2023-07-17,AAPL,buy,916,77.53,71020.21
2023-10-11,AMZN,buy,892,101.38,90433.59
2023-04-27,AMZN,sell,585,60.67,35494.14
2023-03-24,MSFT,buy,738,102.61,75727.06
2023-03-01,GOOG,sell,49,292.23,14319.34
2023-10-25,AMZN,buy,652,57.1,37227.65
2023-10-07,MSFT,sell,542,188.64,102243.94
2023-08-20,JPM,buy,440,252.57,111131.61
2023-08-04,JPM,sell,736,114.55,84307.87
2023-11-10,MSFT,sell,520,70.13,36469.32
2023-12-12,JPM,sell,428,149.27,63886.41
2023-09-13,AMZN,sell,86,256.94,22096.53
2023-09-07,AMZN,buy,367,150.31,55165.44
2023-02-01,MSFT,sell,378,116.98,44218.75
2023-10-15,AAPL,buy,49,119.8,5870.06
2023-09-04,MSFT,buy,19,153.92,2924.56
2023-08-04,MSFT,buy,27,284.11,7671.04
2023-02-25,AMZN,sell,99,215.08,21293.08
2023-01-22,GOOG,buy,442,74.83,33074.98
2023-02-21,GOOG,buy,259,298.31,77263.14
2023-05-03,MSFT,sell,858,130.08,111608.33
2023-08-12,JPM,sell,972,257.4,250189.72
2023-02-14,MSFT,sell,13,299.79,3897.33
2023-10-11,MSFT,sell,809,88.63,71705.31
2023-09-10,AAPL,sell,666,191.75,127705.44
2023-12-15,AMZN,sell,898,143.7,129044.99
2023-09-19,MSFT,sell,455,292.14,132924.35
2023-11-22,MSFT,sell,734,70.56,51788.99
2023-05-12,JPM,sell,211,204.18,43082.29
2023-03-31,AAPL,sell,833,208.51,173692.87
2023-03-08,AAPL,buy,71,178.14,12648.22
2023-05-14,JPM,buy,635,77.53,49231.03
2023-02-26,JPM,sell,572,55.52,31759.34
2023-10-03,MSFT,sell,267,225.41,60184.41
2023-12-14,AMZN,buy,780,187.4,146175.31
2023-09-07,AAPL,buy,224,266.29,59649.55
2023-11-16,MSFT,sell,868,80.04,69473.6
2023-01-01,GOOG,sell,173,129.47,22398.4
2023-01-26,MSFT,buy,564,180.92,102040.58
2023-09-22,GOOG,buy,894,54.32,48563.35
2023-07-20,MSFT,sell,851,144.13,122658.29
2023-03-06,MSFT,sell,655,140.63,92115.46
2023-02-11,AMZN,sell,781,172.64,134828.55
2023-03-06,AAPL,buy,232,160.22,37172.02
2023-05-29,JPM,sell,423,80.52,34059.62
2023-11-16,MSFT,buy,460,185.4,85283.23
2023-08-19,JPM,buy,595,183.51,109190.84
2023-09-27,AMZN,buy,234,158.15,37007.89
2023-07-19,AAPL,sell,491,207.65,101954.57
2023-07-04,AAPL,buy,327,228.82,74825.4
2023-02-19,AAPL,sell,109,233.35,25435.43
2023-01-12,JPM,buy,983,204.64,201157.95
2023-12-14,GOOG,buy,700,130.11,91074.72
2023-09-22,JPM,buy,127,179.44,22789.31
2023-07-06,GOOG,buy,939,56.48,53039.03
2023-08-05,JPM,buy,779,67.64,52689.03
2023-02-26,AAPL,sell,508,190.5,96774.23
2023-07-18,MSFT,sell,516,111.44,57502.0
2023-01-27,AMZN,sell,63,99.59,6274.07
2023-06-01,AAPL,buy,171,173.37,29645.99
2023-11-15,AMZN,sell,349,136.66,47695.72
2023-02-11,AAPL,sell,914,86.71,79251.95
2023-10-30,MSFT,sell,694,192.31,133461.31
2023-06-08,MSFT,sell,464,62.61,29049.19
2023-08-29,AMZN,sell,372,79.25,29479.87
2023-09-25,JPM,buy,274,267.75,73362.97
2023-05-25,GOOG,sell,774,135.99,105258.55
2023-01-29,GOOG,sell,929,111.13,103243.53
2023-11-12,GOOG,sell,754,204.41,154123.22
2023-03-31,JPM,buy,249,77.88,19391.32
2023-09-14,JPM,buy,424,143.81,60975.27
2023-02-14,AAPL,sell,607,191.65,116331.56
2023-12-25,AMZN,buy,307,272.83,83758.9
2023-07-05,JPM,buy,491,122.18,59991.53
2023-09-23,GOOG,sell,715,243.47,174079.11
2023-09-16,MSFT,buy,37,106.41,3937.12
2023-12-15,AMZN,sell,432,161.4,69724.14
2023-12-21,GOOG,buy,760,296.67,225465.57
2023-03-10,AAPL,buy,133,177.45,23601.13
2023-01-11,GOOG,sell,350,118.93,41625.7
2023-10-18,JPM,sell,237,146.87,34808.19
2023-05-14,MSFT,sell,221,107.44,23745.08
2023-08-25,AMZN,buy,150,123.82,18572.34
2023-11-13,AAPL,sell,753,287.09,216181.28
2023-03-10,MSFT,buy,978,92.65,90611.37
2023-04-26,GOOG,buy,241,225.65,54382.52
2023-07-27,MSFT,sell,819,224.54,183898.88
2023-05-03,GOOG,sell,476,109.85,52289.39
2023-09-23,AAPL,buy,725,239.94,173956.21
2023-08-26,MSFT,sell,755,53.02,40028.09
2023-08-08,AMZN,buy,86,237.54,20428.13
2023-10-19,MSFT,sell,398,140.12,55768.27
2023-05-02,GOOG,sell,688,283.18,194827.28
2023-05-18,AMZN,sell,73,274.41,20032.09
2023-11-24,AMZN,buy,973,188.69,183592.28
2023-05-27,AMZN,sell,563,76.41,43018.71
2023-12-10,AMZN,buy,600,184.96,110976.24
2023-05-28,AAPL,buy,145,297.59,43151.18
2023-10-14,GOOG,sell,361,251.49,90787.54
2023-08-24,MSFT,buy,510,180.12,91859.06
2023-08-27,JPM,sell,117,275.96,32286.91
2023-01-22,GOOG,buy,648,128.48,83255.79
2023-07-17,AAPL,sell,53,122.79,6507.72
2023-02-08,GOOG,sell,505,238.35,120364.7
2023-10-06,AMZN,buy,861,183.72,158181.88
2023-07-18,GOOG,sell,519,240.91,125031.83
2023-07-15,AMZN,sell,290,245.55,71208.3
2023-06-21,JPM,sell,796,201.69,160547.28
2023-12-12,AAPL,buy,686,235.28,161399.99
2023-08-05,JPM,buy,948,50.0,47401.31
2023-09-01,AAPL,sell,492,159.89,78667.01
2023-03-28,JPM,sell,245,200.89,49218.75
2023-04-10,GOOG,buy,363,55.4,20111.54
2023-02-05,MSFT,sell,549,299.95,164671.09
2023-01-05,AMZN,buy,749,162.32,121579.25
2023-02-26,GOOG,buy,470,126.24,59330.57
2023-06-27,AMZN,sell,939,114.35,107371.61
2023-12-09,MSFT,sell,466,299.04,139352.81
2023-04-04,AMZN,sell,859,178.46,153296.63
2023-09-24,AMZN,buy,173,155.8,26953.84
2023-01-24,JPM,sell,506,209.02,105761.87
2023-05-01,AAPL,sell,380,122.5,46549.06
2023-05-07,JPM,buy,906,104.3,94493.51
2023-03-18,JPM,sell,261,204.8,53452.05
2023-11-13,GOOG,sell,888,203.85,181017.11
2023-01-29,AAPL,buy,501,233.26,116863.04
2023-02-27,GOOG,sell,532,294.88,156874.99
2023-12-30,JPM,sell,103,241.79,24903.96
2023-11-17,GOOG,buy,330,106.5,35143.93
2023-10-31,AMZN,sell,913,124.03,113239.02
2023-04-25,AMZN,sell,781,185.75,145068.54
2023-03-31,JPM,sell,668,171.9,114828.95
2023-08-07,JPM,buy,359,185.11,66455.83
2023-12-25,MSFT,buy,755,282.68,213421.48
2023-07-14,GOOG,buy,299,177.94,53203.33
2023-05-25,GOOG,sell,117,101.71,11900.62
2023-07-22,AAPL,sell,834,298.73,249136.91
2023-01-11,JPM,buy,651,219.82,143100.97
2023-04-20,AMZN,buy,712,60.13,42811.14
2023-10-16,JPM,buy,708,92.72,65646.02
2023-06-26,GOOG,sell,767,152.09,116649.82
2023-04-19,AAPL,buy,290,194.2,56317.45
2023-08-02,AAPL,buy,427,58.48,24973.08
2023-05-30,GOOG,sell,697,127.36,88770.86
2023-07-19,AAPL,buy,587,212.04,124468.73
2023-04-27,AAPL,buy,30,296.2,8886.11
2023-12-20,GOOG,sell,117,79.48,9298.7
2023-06-25,AMZN,sell,396,113.62,44993.77
2023-02-27,GOOG,buy,54,56.76,3064.89
2023-03-07,JPM,buy,80,191.9,15351.73
2023-08-27,AMZN,sell,217,232.3,50408.08
2023-10-29,AMZN,buy,901,194.13,174913.41
2023-08-10,JPM,sell,933,60.88,56799.99
2023-01-12,MSFT,buy,369,196.61,72548.65
2023-07-09,JPM,sell,870,283.78,246887.32
2023-12-30,AAPL,buy,223,110.13,24558.09
2023-10-14,AMZN,buy,626,98.66,61764.2
2023-04-08,AAPL,sell,160,112.25,17959.5
2023-12-18,GOOG,sell,577,127.93,73814.32
2023-08-10,GOOG,sell,267,60.82,16237.93
2023-05-03,MSFT,buy,382,257.87,98505.92
2023-11-08,GOOG,buy,313,127.7,39970.11
2023-03-17,MSFT,buy,500,59.91,29957.19
2023-10-28,JPM,buy,716,224.33,160619.98
2023-01-03,AAPL,sell,970,281.03,272599.35
2023-05-28,AAPL,buy,522,213.81,111609.21
2023-11-23,MSFT,sell,136,280.8,38188.24
2023-08-19,GOOG,buy,451,179.51,80959.91
2023-02-15,MSFT,sell,12,191.31,2295.73
2023-01-22,AAPL,sell,382,279.43,106742.06
2023-09-05,AAPL,buy,934,96.64,90257.41
2023-01-18,MSFT,buy,707,73.68,52092.92
2023-10-05,JPM,sell,124,134.0,16616.02
2023-10-02,GOOG,buy,645,228.08,147112.12
2023-01-22,GOOG,sell,526,99.7,52444.04
2023-10-07,AAPL,sell,293,95.45,27966.62
2023-07-07,GOOG,buy,663,154.37,102347.58
2023-01-08,JPM,sell,81,87.78,7110.53
2023-09-23,GOOG,buy,816,180.52,147304.21
2023-02-14,GOOG,buy,230,262.71,60424.45
2023-01-24,JPM,sell,35,73.16,2560.6
2023-03-02,AMZN,buy,911,57.25,52152.85
2023-01-09,JPM,buy,281,175.62,49348.08
2023-12-06,JPM,buy,137,287.75,39421.8
2023-02-10,AAPL,buy,793,133.62,105961.27
2023-09-23,AMZN,sell,953,282.34,269074.1
2023-10-16,GOOG,buy,726,237.69,172566.43
2023-12-23,AMZN,sell,975,246.13,239976.94
2023-04-08,AMZN,sell,909,239.93,218096.55
2023-12-04,MSFT,sell,697,250.39,174522.22
2023-03-13,GOOG,sell,122,229.24,27967.0
2023-02-12,AAPL,sell,55,228.91,12590.3
2023-08-13,AMZN,buy,290,176.62,51219.16
2023-09-03,GOOG,sell,985,122.71,120864.85
2023-08-03,JPM,sell,446,125.96,56179.63
2023-07-14,AMZN,sell,372,88.41,32888.81
2023-10-05,MSFT,sell,137,226.47,31026.47
2023-09-08,MSFT,buy,668,149.75,100029.73
2023-03-26,MSFT,buy,460,121.13,55720.14
2023-02-22,AAPL,sell,34,287.95,9790.17
2023-12-09,AMZN,sell,666,232.32,154725.09
2023-10-05,GOOG,sell,352,162.51,57204.17
2023-10-07,JPM,buy,234,191.24,44749.84
2023-07-04,GOOG,sell,652,298.21,194435.54
2023-03-16,AMZN,sell,177,131.92,23349.08
2023-02-14,GOOG,buy,658,280.17,184354.99
2023-06-10,AAPL,buy,185,77.38,14315.54
2023-11-20,AAPL,sell,589,247.17,145585.93
2023-09-25,MSFT,buy,173,286.71,49600.72
2023-02-17,MSFT,buy,727,279.07,202880.48
2023-06-04,MSFT,buy,971,155.47,150957.57
2023-05-27,AMZN,sell,31,153.13,4746.99
2023-12-30,MSFT,sell,393,218.54,85886.6
2023-08-05,GOOG,buy,168,139.2,23385.67
2023-12-17,AMZN,buy,339,284.86,96567.77
2023-09-13,MSFT,buy,191,260.91,49833.75
2023-08-23,MSFT,sell,852,69.51,59223.65
2023-07-27,AMZN,sell,31,143.15,4437.53
2023-11-15,MSFT,sell,236,108.45,25593.43
2023-10-28,AAPL,sell,125,225.59,28198.18
2023-06-19,MSFT,buy,705,219.97,155082.27
2023-08-15,JPM,buy,456,87.18,39753.57
2023-11-14,AAPL,buy,147,191.96,28218.33
2023-05-28,AMZN,sell,853,293.74,250561.28
2023-01-05,AAPL,buy,850,278.72,236913.7
2023-08-23,MSFT,sell,251,286.86,72001.23
2023-07-07,AMZN,sell,436,161.68,70492.71
2023-06-03,GOOG,buy,491,87.14,42788.01
2023-01-01,MSFT,buy,778,246.7,191928.72
2023-03-29,MSFT,sell,262,65.56,17177.64
2023-06-11,GOOG,buy,981,92.01,90257.09
2023-07-26,AMZN,buy,403,172.71,69601.61
2023-02-09,AMZN,buy,580,75.52,43803.92
2023-01-31,AAPL,sell,719,107.77,77485.36
2023-04-06,MSFT,buy,39,224.9,8771.23
2023-06-10,MSFT,buy,632,83.62,52845.64
2023-04-06,MSFT,sell,799,67.95,54295.83
2023-06-28,AAPL,sell,258,98.39,25383.83
2023-10-20,GOOG,buy,828,69.01,57138.23
2023-09-05,GOOG,buy,370,262.21,97016.84
2023-06-28,JPM,sell,836,167.78,140261.75
2023-06-14,GOOG,sell,713,227.23,162017.47
2023-11-02,GOOG,buy,190,73.11,13891.05
2023-06-03,AMZN,sell,633,129.8,82166.49
2023-12-17,MSFT,sell,726,81.59,59235.81
2023-12-25,GOOG,sell,461,75.22,34676.33
2023-05-21,AAPL,buy,530,88.68,47001.99
2023-11-05,AMZN,buy,781,197.2,154013.7
2023-04-15,AAPL,sell,950,288.38,273962.25
2023-11-30,GOOG,buy,79,245.07,19360.88
2023-07-07,MSFT,buy,149,220.41,32840.63
2023-05-25,JPM,buy,332,274.26,91054.1
2023-02-15,GOOG,buy,525,159.42,83698.01
2023-10-21,AMZN,buy,519,235.98,122473.85
2023-08-29,AAPL,buy,34,173.03,5882.99
2023-02-21,MSFT,buy,418,278.71,116499.4
2023-07-29,MSFT,sell,624,148.38,92588.35
2023-08-20,MSFT,sell,691,68.41,47269.15
2023-02-20,AMZN,sell,22,259.88,5717.38
2023-08-06,GOOG,buy,729,255.87,186528.95
2023-08-10,JPM,sell,496,110.28,54701.01
2023-10-20,AMZN,sell,185,256.72,47492.38
2023-02-10,JPM,buy,276,54.64,15081.72
2023-04-23,AMZN,sell,212,65.02,13783.44
2023-10-09,GOOG,sell,44,214.03,9417.11
2023-12-22,JPM,sell,534,115.7,61781.67
2023-04-07,JPM,buy,501,54.22,27162.72
2023-07-08,MSFT,sell,900,211.94,190744.67
2023-12-11,GOOG,sell,167,71.31,11909.52
2023-10-16,MSFT,sell,533,114.95,61268.35
2023-04-03,GOOG,buy,477,262.12,125032.19
2023-10-02,GOOG,buy,137,225.31,30867.88
2023-12-29,GOOG,buy,191,252.55,48237.82
2023-08-31,AMZN,sell,527,208.97,110126.7
2023-05-07,AMZN,sell,130,51.02,6632.14
2023-07-08,JPM,sell,87,67.83,5901.54
2023-06-30,AAPL,sell,691,229.48,158568.69
2023-09-04,GOOG,sell,842,180.96,152368.38
2023-12-13,AMZN,buy,726,128.32,93162.56
2023-09-02,AAPL,buy,444,50.31,22338.76
2023-08-30,AAPL,sell,35,282.21,9877.4
2023-04-02,AMZN,sell,867,199.39,172874.55
2023-05-31,GOOG,sell,939,63.6,59716.12
2023-06-26,AMZN,buy,825,277.44,228888.7
2023-09-02,JPM,buy,336,207.5,69719.0
2023-04-22,JPM,sell,264,178.27,47063.37
2023-01-27,MSFT,sell,956,180.34,172406.42
2023-11-03,MSFT,sell,955,238.13,227415.25
2023-05-19,JPM,sell,663,160.05,106111.46
2023-12-22,GOOG,sell,962,252.63,243032.5
2023-02-08,AAPL,buy,119,154.31,18362.82
2023-10-08,MSFT,sell,86,269.37,23166.15
2023-05-02,AAPL,buy,540,151.88,82014.43
2023-03-24,MSFT,buy,908,76.21,69201.21
2023-01-01,GOOG,sell,682,264.67,180501.65
2023-10-13,JPM,buy,790,55.08,43511.76
2023-05-04,JPM,sell,855,123.69,105757.21
2023-10-19,GOOG,sell,950,228.37,216952.42
2023-01-05,AMZN,buy,677,96.08,65046.1
2023-04-08,AMZN,sell,393,129.16,50761.81
2023-09-17,AMZN,buy,273,119.08,32509.31
2023-05-10,MSFT,sell,128,173.95,22266.23
2023-03-11,GOOG,sell,981,206.65,202720.96
2023-09-13,GOOG,sell,121,56.89,6883.55
2023-04-12,AAPL,sell,715,130.68,93432.96
2023-05-12,AMZN,sell,113,170.17,19229.19
2023-11-07,MSFT,sell,936,202.4,189443.27
2023-11-27,AMZN,buy,178,234.3,41705.54
2023-03-25,GOOG,buy,274,79.14,21684.4
2023-09-01,GOOG,buy,935,96.74,90453.37
2023-01-24,MSFT,sell,313,169.0,52895.67
2023-11-12,JPM,sell,551,198.18,109197.94
2023-12-22,AMZN,buy,212,71.44,15145.69
2023-02-04,AMZN,sell,541,84.36,45637.97
2023-09-25,JPM,buy,27,68.74,1855.94
2023-11-24,JPM,sell,882,56.75,50052.62
2023-11-04,JPM,buy,467,76.08,35530.93
2023-12-22,MSFT,sell,469,115.27,54062.37
2023-01-18,JPM,sell,803,173.13,139025.66
2023-09-08,GOOG,buy,606,120.62,73098.33
2023-06-09,JPM,buy,733,194.53,142588.82
2023-08-06,AMZN,buy,353,101.5,35830.75
2023-06-30,AMZN,sell,299,297.36,88910.79
2023-07-16,MSFT,sell,619,105.55,65335.3
2023-01-24,AMZN,sell,908,174.73,158654.55
2023-09-23,MSFT,buy,829,88.83,73638.54
2023-04-20,MSFT,sell,22,169.17,3721.78
2023-06-16,JPM,sell,285,291.03,82942.91
2023-01-10,MSFT,buy,486,247.25,120162.95
2023-04-28,MSFT,sell,437,124.17,54262.14
2023-08-14,JPM,sell,751,211.86,159110.53
2023-04-13,JPM,buy,781,175.76,137269.68
2023-05-11,MSFT,sell,211,93.21,19666.46
2023-05-26,MSFT,sell,949,103.37,98101.8
2023-04-14,AMZN,buy,438,199.18,87241.6
2023-10-06,AAPL,sell,634,149.81,94977.62
2023-04-09,AAPL,buy,504,299.14,150764.07
2023-08-14,AMZN,sell,811,123.12,99846.75
2023-07-08,MSFT,buy,396,246.93,97783.56
2023-08-02,AAPL,sell,32,56.03,1793.04
2023-01-20,AAPL,buy,429,281.91,120940.01
2023-08-28,JPM,buy,641,103.44,66306.28
2023-02-01,AMZN,sell,69,133.63,9220.28
2023-07-31,GOOG,sell,632,132.29,83604.17
2023-12-02,GOOG,buy,187,266.57,49849.22
2023-04-23,GOOG,sell,553,241.48,133535.69
2023-06-16,JPM,sell,735,120.7,88710.96
2023-12-12,GOOG,sell,143,104.8,14987.07
2023-11-13,GOOG,sell,57,141.54,8067.82
2023-11-13,AAPL,sell,396,110.13,43613.15
2023-06-01,GOOG,sell,53,276.62,14660.91
2023-07-10,MSFT,sell,834,87.54,73007.68
2023-11-02,MSFT,buy,963,118.47,114086.89
2023-12-29,JPM,sell,963,82.67,79608.57
2023-07-02,GOOG,buy,249,125.15,31162.22
2023-04-15,AAPL,sell,149,259.42,38653.13
2023-05-10,AMZN,sell,683,134.99,92200.37
2023-01-29,GOOG,buy,535,280.99,150329.43
2023-05-17,JPM,sell,368,239.95,88300.23
2023-07-29,GOOG,buy,353,203.95,71994.06
2023-06-27,MSFT,sell,918,154.75,142063.4
2023-07-16,AMZN,sell,21,288.42,6056.92
2023-10-23,GOOG,sell,778,226.48,176202.66
2023-09-04,JPM,sell,702,77.22,54210.81
2023-12-31,AAPL,sell,118,154.38,18216.98
2023-03-22,MSFT,buy,956,142.19,135932.25
2023-02-21,AMZN,sell,403,260.38,104934.13
2023-09-12,GOOG,sell,828,226.8,187787.07
2023-03-19,AMZN,sell,533,247.19,131749.63
2023-02-22,JPM,buy,970,248.31,240865.19
2023-07-05,JPM,buy,947,74.59,70635.43
2023-08-21,AAPL,sell,981,115.93,113730.07
2023-02-07,GOOG,sell,294,194.78,57264.25
2023-08-31,MSFT,sell,375,141.78,53168.96
2023-11-15,JPM,buy,542,232.22,125864.82
2023-12-25,AAPL,sell,642,86.35,55437.92
2023-12-14,JPM,sell,160,102.67,16427.23
2023-01-15,JPM,sell,397,233.38,92650.04
2023-10-10,JPM,sell,682,54.01,36833.51
2023-09-15,JPM,buy,635,244.69,155378.56
2023-10-01,AAPL,sell,954,264.45,252287.54
2023-03-19,GOOG,sell,963,130.96,126116.11
2023-04-13,JPM,buy,846,55.01,46535.16
2023-02-25,AMZN,sell,821,185.18,152033.25
2023-06-29,GOOG,buy,897,233.5,209446.77
2023-03-25,AAPL,buy,148,220.15,32582.74
2023-12-15,AMZN,sell,968,120.51,116655.06
2023-10-28,MSFT,sell,333,202.21,67336.91
2023-10-31,AAPL,buy,355,236.11,83818.84
2023-06-24,AAPL,buy,325,82.4,26779.63
2023-12-08,AAPL,sell,874,195.36,170743.69
2023-01-27,AAPL,buy,572,251.98,144132.37
2023-12-22,AMZN,sell,998,172.19,171845.22
2023-09-28,MSFT,buy,519,89.12,46254.98
2023-05-10,AMZN,buy,809,192.83,156002.35
2023-11-07,AAPL,buy,620,83.35,51679.11
2023-08-18,JPM,sell,504,140.96,71042.48
2023-03-12,MSFT,buy,606,80.85,48996.52
2023-03-17,GOOG,sell,341,94.63,32267.34
2023-03-20,GOOG,buy,91,182.11,16572.21
2023-08-18,GOOG,sell,789,245.32,193559.09
2023-06-27,AMZN,sell,481,268.52,129160.45
2023-07-01,MSFT,buy,754,114.71,86490.75
2023-05-30,AMZN,buy,893,257.11,229598.65
2023-11-16,MSFT,sell,283,155.15,43906.31
2023-08-20,MSFT,sell,51,117.73,6004.19
2023-03-26,AMZN,buy,275,109.78,30188.74
2023-03-17,JPM,sell,900,149.78,134797.67
2023-12-17,GOOG,sell,485,135.46,65697.48
2023-12-18,MSFT,sell,534,181.2,96759.19
2023-06-03,AMZN,sell,672,172.38,115840.48
2023-08-01,GOOG,sell,376,196.41,73850.75
2023-04-18,GOOG,buy,488,174.92,85361.48
2023-04-10,JPM,buy,105,117.48,12335.36
2023-12-06,GOOG,sell,758,299.36,226917.56
2023-10-15,GOOG,buy,387,73.04,28267.22
2023-04-02,GOOG,sell,119,123.72,14722.76
2023-08-11,GOOG,sell,462,147.19,68000.28
2023-11-24,AAPL,sell,955,268.21,256136.83
2023-02-10,GOOG,sell,289,111.82,32316.46
2023-08-31,AMZN,sell,578,86.78,50158.79
2023-07-15,JPM,buy,40,272.89,10915.43
2023-04-23,MSFT,sell,995,179.67,178771.59
2023-06-04,AMZN,sell,285,81.7,23284.54
2023-03-26,AAPL,sell,19,96.83,1839.75
2023-11-16,MSFT,buy,913,259.6,237012.96
2023-11-19,JPM,sell,489,258.68,126492.37
2023-01-06,MSFT,sell,950,252.3,239686.44
2023-02-09,AMZN,sell,528,264.76,139793.84
2023-04-03,AMZN,buy,542,189.12,102502.48
2023-01-11,AAPL,buy,59,189.63,11188.33
2023-02-14,JPM,sell,280,285.97,80071.94
2023-02-04,JPM,sell,844,77.99,65819.96
2023-11-07,AAPL,buy,793,87.68,69531.01
2023-09-27,GOOG,buy,550,271.89,149541.13
2023-12-15,MSFT,buy,98,144.33,14144.64
2023-09-15,AMZN,sell,617,71.42,44064.06
2023-02-06,MSFT,sell,490,232.46,113906.49
2023-03-11,JPM,buy,628,175.69,110336.05
2023-02-16,AAPL,sell,373,195.97,73095.21
2023-01-02,GOOG,buy,929,149.02,138439.98
2023-12-14,MSFT,buy,586,157.79,92465.63
2023-05-29,AAPL,buy,485,294.14,142659.72
2023-02-28,GOOG,sell,246,226.58,55739.64
2023-10-01,AAPL,buy,408,287.74,117399.9
2023-11-12,MSFT,sell,60,137.07,8223.98
2023-05-24,MSFT,sell,142,219.49,31167.61
2023-06-19,JPM,sell,958,187.92,180028.84
2023-08-25,AMZN,buy,593,120.88,71680.05
2023-05-07,AAPL,sell,194,81.31,15773.46
2023-04-04,MSFT,buy,228,109.19,24895.22
2023-10-10,AAPL,sell,661,232.08,153403.3
2023-04-29,AMZN,sell,106,208.78,22131.02
2023-06-01,JPM,buy,356,266.3,94804.51
2023-01-31,JPM,sell,416,229.45,95451.27
2023-02-10,MSFT,sell,21,222.56,4673.7
